Match Number,Round Number,Date,Location,Home Team,Away Team,Result
1,1,24/10/2023 23:30,Ball Arena,Denver Nuggets,Los Angeles Lakers,
2,1,25/10/2023 02:00,Chase Center,Golden State Warriors,Phoenix Suns,
3,1,25/10/2023 23:00,Spectrum Center,Charlotte Hornets,Atlanta Hawks,
4,1,25/10/2023 23:00,Gainbridge Fieldhouse,Indiana Pacers,Washington Wizards,
5,1,25/10/2023 23:00,Madison Square Garden,New York Knicks,Boston Celtics,
6,1,25/10/2023 23:00,Amway Center,Orlando Magic,Houston Rockets,
7,1,25/10/2023 23:30,Barclays Center,Brooklyn Nets,Cleveland Cavaliers,
8,1,25/10/2023 23:30,Kaseya Center,Miami Heat,Detroit Pistons,
9,1,25/10/2023 23:30,Scotiabank Arena,Toronto Raptors,Minnesota Timberwolves,
10,1,26/10/2023 00:00,United Center,Chicago Bulls,Oklahoma City Thunder,
11,1,26/10/2023 00:00,FedExForum,Memphis Grizzlies,New Orleans Pelicans,
12,1,26/10/2023 01:00,Delta Center,Utah Jazz,Sacramento Kings,
13,1,26/10/2023 01:30,Frost Bank Center,San Antonio Spurs,Dallas Mavericks,
14,1,26/10/2023 02:30,Crypto.com Arena,LA Clippers,Portland Trail Blazers,
15,1,26/10/2023 23:30,Fiserv Forum,Milwaukee Bucks,Philadelphia 76ers,
16,1,27/10/2023 02:00,Crypto.com Arena,Los Angeles Lakers,Phoenix Suns,
17,1,27/10/2023 23:00,Spectrum Center,Charlotte Hornets,Detroit Pistons,
18,1,27/10/2023 23:00,FedExForum,Memphis Grizzlies,Denver Nuggets,
19,1,27/10/2023 23:30,State Farm Arena,Atlanta Hawks,New York Knicks,
20,1,27/10/2023 23:30,TD Garden,Boston Celtics,Miami Heat,
21,1,27/10/2023 23:30,Rocket Mortgage FieldHouse,Cleveland Cavaliers,Oklahoma City Thunder,
22,1,28/10/2023 00:00,United Center,Chicago Bulls,Toronto Raptors,
23,1,28/10/2023 00:00,Frost Bank Center,San Antonio Spurs,Houston Rockets,
24,1,28/10/2023 00:30,American Airlines Center,Dallas Mavericks,Brooklyn Nets,
25,1,28/10/2023 01:30,Delta Center,Utah Jazz,LA Clippers,
26,1,28/10/2023 02:00,Moda Center,Portland Trail Blazers,Orlando Magic,
27,1,28/10/2023 02:00,Golden 1 Center,Sacramento Kings,Golden State Warriors,
28,1,28/10/2023 23:00,Little Caesars Arena,Detroit Pistons,Chicago Bulls,
29,1,28/10/2023 23:00,Capital One Arena,Washington Wizards,Memphis Grizzlies,
30,1,28/10/2023 23:00,Smoothie King Center,New Orleans Pelicans,New York Knicks,
31,1,28/10/2023 23:30,Rocket Mortgage FieldHouse,Cleveland Cavaliers,Indiana Pacers,
32,1,28/10/2023 23:30,Scotiabank Arena,Toronto Raptors,Philadelphia 76ers,
33,1,29/10/2023 00:00,Target Center,Minnesota Timberwolves,Miami Heat,
34,1,29/10/2023 02:00,Footprint Center,Phoenix Suns,Utah Jazz,
35,1,29/10/2023 19:30,Paycom Center,Oklahoma City Thunder,Denver Nuggets,
36,1,29/10/2023 23:00,Toyota Center,Houston Rockets,Golden State Warriors,
37,1,29/10/2023 23:00,Fiserv Forum,Milwaukee Bucks,Atlanta Hawks,
38,1,29/10/2023 23:30,Wells Fargo Center,Philadelphia 76ers,Portland Trail Blazers,
39,1,30/10/2023 01:00,Crypto.com Arena,LA Clippers,San Antonio Spurs,
40,1,30/10/2023 01:00,Golden 1 Center,Sacramento Kings,Los Angeles Lakers,
41,2,30/10/2023 23:00,Spectrum Center,Charlotte Hornets,Brooklyn Nets,
42,2,30/10/2023 23:00,Gainbridge Fieldhouse,Indiana Pacers,Chicago Bulls,
43,2,30/10/2023 23:00,Capital One Arena,Washington Wizards,Boston Celtics,
44,2,30/10/2023 23:30,State Farm Arena,Atlanta Hawks,Minnesota Timberwolves,
45,2,30/10/2023 23:30,Scotiabank Arena,Toronto Raptors,Portland Trail Blazers,
46,2,31/10/2023 00:00,FedExForum,Memphis Grizzlies,Dallas Mavericks,
47,2,31/10/2023 00:00,Fiserv Forum,Milwaukee Bucks,Miami Heat,
48,2,31/10/2023 00:00,Smoothie King Center,New Orleans Pelicans,Golden State Warriors,
49,2,31/10/2023 00:00,Paycom Center,Oklahoma City Thunder,Detroit Pistons,
50,2,31/10/2023 01:00,Ball Arena,Denver Nuggets,Utah Jazz,
51,2,31/10/2023 02:30,Crypto.com Arena,Los Angeles Lakers,Orlando Magic,
52,2,31/10/2023 23:30,Rocket Mortgage FieldHouse,Cleveland Cavaliers,New York Knicks,
53,2,01/11/2023 02:00,Footprint Center,Phoenix Suns,San Antonio Spurs,
54,2,01/11/2023 02:30,Crypto.com Arena,LA Clippers,Orlando Magic,
55,2,01/11/2023 23:00,Little Caesars Arena,Detroit Pistons,Portland Trail Blazers,
56,2,01/11/2023 23:00,Scotiabank Arena,Toronto Raptors,Milwaukee Bucks,
57,2,01/11/2023 23:30,State Farm Arena,Atlanta Hawks,Washington Wizards,
58,2,01/11/2023 23:30,TD Garden,Boston Celtics,Indiana Pacers,
59,2,01/11/2023 23:30,Kaseya Center,Miami Heat,Brooklyn Nets,
60,2,01/11/2023 23:30,Madison Square Garden,New York Knicks,Cleveland Cavaliers,
61,2,01/11/2023 23:30,Paycom Center,Oklahoma City Thunder,New Orleans Pelicans,
62,2,02/11/2023 00:00,Toyota Center,Houston Rockets,Charlotte Hornets,
63,2,02/11/2023 00:00,Target Center,Minnesota Timberwolves,Denver Nuggets,
64,2,02/11/2023 00:30,American Airlines Center,Dallas Mavericks,Chicago Bulls,
65,2,02/11/2023 01:00,Delta Center,Utah Jazz,Memphis Grizzlies,
66,2,02/11/2023 02:00,Chase Center,Golden State Warriors,Sacramento Kings,
67,2,02/11/2023 02:00,Crypto.com Arena,Los Angeles Lakers,LA Clippers,
68,2,02/11/2023 23:00,Wells Fargo Center,Philadelphia 76ers,Toronto Raptors,
69,2,03/11/2023 00:00,Smoothie King Center,New Orleans Pelicans,Detroit Pistons,
70,2,03/11/2023 01:00,Delta Center,Utah Jazz,Orlando Magic,
71,2,03/11/2023 02:00,Footprint Center,Phoenix Suns,San Antonio Spurs,
72,2,03/11/2023 23:00,Gainbridge Fieldhouse,Indiana Pacers,Cleveland Cavaliers,
73,2,03/11/2023 23:30,Fiserv Forum,Milwaukee Bucks,New York Knicks,
74,2,04/11/2023 00:00,Kaseya Center,Miami Heat,Washington Wizards,
75,2,04/11/2023 00:00,United Center,Chicago Bulls,Brooklyn Nets,
76,2,04/11/2023 00:00,Paycom Center,Oklahoma City Thunder,Golden State Warriors,
77,2,04/11/2023 02:00,Ball Arena,Denver Nuggets,Dallas Mavericks,
78,2,04/11/2023 02:00,Moda Center,Portland Trail Blazers,Memphis Grizzlies,
79,2,04/11/2023 17:00,Wells Fargo Center,Philadelphia 76ers,Phoenix Suns,
80,2,04/11/2023 23:00,Gainbridge Fieldhouse,Indiana Pacers,Charlotte Hornets,
81,2,04/11/2023 23:00,Amway Center,Orlando Magic,Los Angeles Lakers,
82,2,04/11/2023 23:00,Smoothie King Center,New Orleans Pelicans,Atlanta Hawks,
83,2,05/11/2023 00:00,Barclays Center,Brooklyn Nets,Boston Celtics,
84,2,05/11/2023 00:00,Toyota Center,Houston Rockets,Sacramento Kings,
85,2,05/11/2023 00:00,Target Center,Minnesota Timberwolves,Utah Jazz,
86,2,05/11/2023 01:00,Ball Arena,Denver Nuggets,Chicago Bulls,
87,2,05/11/2023 20:00,Little Caesars Arena,Detroit Pistons,Phoenix Suns,
88,2,05/11/2023 20:30,Frost Bank Center,San Antonio Spurs,Toronto Raptors,
89,2,05/11/2023 23:00,Rocket Mortgage FieldHouse,Cleveland Cavaliers,Golden State Warriors,
90,2,06/11/2023 00:30,American Airlines Center,Dallas Mavericks,Charlotte Hornets,
91,2,06/11/2023 02:00,Moda Center,Portland Trail Blazers,Memphis Grizzlies,
92,3,07/11/2023 00:00,Little Caesars Arena,Detroit Pistons,Golden State Warriors,
93,3,07/11/2023 00:00,Gainbridge Fieldhouse,Indiana Pacers,San Antonio Spurs,
94,3,07/11/2023 00:00,Amway Center,Orlando Magic,Dallas Mavericks,
95,3,07/11/2023 00:00,Wells Fargo Center,Philadelphia 76ers,Washington Wizards,
96,3,07/11/2023 00:30,Barclays Center,Brooklyn Nets,Milwaukee Bucks,
97,3,07/11/2023 00:30,Kaseya Center,Miami Heat,Los Angeles Lakers,
98,3,07/11/2023 00:30,Madison Square Garden,New York Knicks,LA Clippers,
99,3,07/11/2023 01:00,United Center,Chicago Bulls,Utah Jazz,
100,3,07/11/2023 01:00,Toyota Center,Houston Rockets,Sacramento Kings,
101,3,07/11/2023 01:00,Target Center,Minnesota Timberwolves,Boston Celtics,
102,3,07/11/2023 01:00,Paycom Center,Oklahoma City Thunder,Atlanta Hawks,
103,3,07/11/2023 02:00,Ball Arena,Denver Nuggets,New Orleans Pelicans,
104,3,09/11/2023 00:00,Spectrum Center,Charlotte Hornets,Washington Wizards,
105,3,09/11/2023 00:00,Gainbridge Fieldhouse,Indiana Pacers,Utah Jazz,
106,3,09/11/2023 00:00,Wells Fargo Center,Philadelphia 76ers,Boston Celtics,
107,3,09/11/2023 00:30,Barclays Center,Brooklyn Nets,LA Clippers,
108,3,09/11/2023 00:30,Madison Square Garden,New York Knicks,San Antonio Spurs,
109,3,09/11/2023 01:00,United Center,Chicago Bulls,Phoenix Suns,
110,3,09/11/2023 01:00,Toyota Center,Houston Rockets,Los Angeles Lakers,
111,3,09/11/2023 01:00,FedExForum,Memphis Grizzlies,Miami Heat,
112,3,09/11/2023 01:00,Fiserv Forum,Milwaukee Bucks,Detroit Pistons,
113,3,09/11/2023 01:00,Target Center,Minnesota Timberwolves,New Orleans Pelicans,
114,3,09/11/2023 01:00,Paycom Center,Oklahoma City Thunder,Cleveland Cavaliers,
115,3,09/11/2023 01:30,American Airlines Center,Dallas Mavericks,Toronto Raptors,
116,3,09/11/2023 03:00,Ball Arena,Denver Nuggets,Golden State Warriors,
117,3,09/11/2023 03:00,Golden 1 Center,Sacramento Kings,Portland Trail Blazers,
118,3,10/11/2023 00:00,Gainbridge Fieldhouse,Indiana Pacers,Milwaukee Bucks,
119,3,10/11/2023 02:30,Arena CDMX,Orlando Magic,Atlanta Hawks,
120,3,11/11/2023 00:00,Little Caesars Arena,Detroit Pistons,Philadelphia 76ers,
121,3,11/11/2023 00:00,Capital One Arena,Washington Wizards,Charlotte Hornets,
122,3,11/11/2023 00:30,TD Garden,Boston Celtics,Brooklyn Nets,
123,3,11/11/2023 01:00,Toyota Center,Houston Rockets,New Orleans Pelicans,
124,3,11/11/2023 01:00,FedExForum,Memphis Grizzlies,Utah Jazz,
125,3,11/11/2023 01:00,Frost Bank Center,San Antonio Spurs,Minnesota Timberwolves,
126,3,11/11/2023 01:30,American Airlines Center,Dallas Mavericks,LA Clippers,
127,3,11/11/2023 03:00,Footprint Center,Phoenix Suns,Los Angeles Lakers,
128,3,11/11/2023 03:00,Golden 1 Center,Sacramento Kings,Oklahoma City Thunder,
129,3,11/11/2023 23:00,Amway Center,Orlando Magic,Milwaukee Bucks,
130,3,12/11/2023 00:00,TD Garden,Boston Celtics,Toronto Raptors,
131,3,12/11/2023 00:30,State Farm Arena,Atlanta Hawks,Miami Heat,
132,3,12/11/2023 01:30,Chase Center,Golden State Warriors,Cleveland Cavaliers,
133,3,12/11/2023 17:00,Madison Square Garden,New York Knicks,Charlotte Hornets,
134,3,12/11/2023 20:00,Barclays Center,Brooklyn Nets,Washington Wizards,
135,3,12/11/2023 20:30,Crypto.com Arena,LA Clippers,Memphis Grizzlies,
136,3,12/11/2023 23:00,Wells Fargo Center,Philadelphia 76ers,Indiana Pacers,
137,3,13/11/2023 00:00,United Center,Chicago Bulls,Detroit Pistons,
138,3,13/11/2023 00:00,Toyota Center,Houston Rockets,Denver Nuggets,
139,3,13/11/2023 00:00,Smoothie King Center,New Orleans Pelicans,Dallas Mavericks,
140,3,13/11/2023 00:00,Frost Bank Center,San Antonio Spurs,Miami Heat,
141,3,13/11/2023 01:00,Footprint Center,Phoenix Suns,Oklahoma City Thunder,
142,3,13/11/2023 01:30,Chase Center,Golden State Warriors,Minnesota Timberwolves,
143,3,13/11/2023 03:00,Crypto.com Arena,Los Angeles Lakers,Portland Trail Blazers,
144,4,14/11/2023 00:30,TD Garden,Boston Celtics,New York Knicks,
145,4,14/11/2023 00:30,Scotiabank Arena,Toronto Raptors,Washington Wizards,
146,4,14/11/2023 01:00,Fiserv Forum,Milwaukee Bucks,Chicago Bulls,
147,4,14/11/2023 03:00,Golden 1 Center,Sacramento Kings,Cleveland Cavaliers,
148,4,15/11/2023 00:00,Spectrum Center,Charlotte Hornets,Miami Heat,
149,4,15/11/2023 00:00,Little Caesars Arena,Detroit Pistons,Atlanta Hawks,
150,4,15/11/2023 00:00,Wells Fargo Center,Philadelphia 76ers,Indiana Pacers,
151,4,15/11/2023 00:30,Barclays Center,Brooklyn Nets,Orlando Magic,
152,4,15/11/2023 00:30,Paycom Center,Oklahoma City Thunder,San Antonio Spurs,
153,4,15/11/2023 01:00,Smoothie King Center,New Orleans Pelicans,Dallas Mavericks,
154,4,15/11/2023 02:00,Delta Center,Utah Jazz,Portland Trail Blazers,
155,4,15/11/2023 03:00,Ball Arena,Denver Nuggets,LA Clippers,
156,4,15/11/2023 03:00,Chase Center,Golden State Warriors,Minnesota Timberwolves,
157,4,15/11/2023 03:30,Crypto.com Arena,Los Angeles Lakers,Memphis Grizzlies,
158,4,16/11/2023 00:00,Capital One Arena,Washington Wizards,Dallas Mavericks,
159,4,16/11/2023 00:30,State Farm Arena,Atlanta Hawks,New York Knicks,
160,4,16/11/2023 00:30,Wells Fargo Center,Philadelphia 76ers,Boston Celtics,
161,4,16/11/2023 00:30,Scotiabank Arena,Toronto Raptors,Milwaukee Bucks,
162,4,16/11/2023 01:00,United Center,Chicago Bulls,Orlando Magic,
163,4,16/11/2023 02:00,Footprint Center,Phoenix Suns,Minnesota Timberwolves,
164,4,16/11/2023 03:00,Crypto.com Arena,Los Angeles Lakers,Sacramento Kings,
165,4,16/11/2023 03:00,Moda Center,Portland Trail Blazers,Cleveland Cavaliers,
166,4,17/11/2023 00:30,Kaseya Center,Miami Heat,Brooklyn Nets,
167,4,17/11/2023 03:00,Chase Center,Golden State Warriors,Oklahoma City Thunder,
168,4,18/11/2023 00:00,Spectrum Center,Charlotte Hornets,Milwaukee Bucks,
169,4,18/11/2023 00:00,Capital One Arena,Washington Wizards,New York Knicks,
170,4,18/11/2023 00:30,State Farm Arena,Atlanta Hawks,Philadelphia 76ers,
171,4,18/11/2023 00:30,Rocket Mortgage FieldHouse,Cleveland Cavaliers,Detroit Pistons,
172,4,18/11/2023 00:30,Scotiabank Arena,Toronto Raptors,Boston Celtics,
173,4,18/11/2023 00:30,Frost Bank Center,San Antonio Spurs,Sacramento Kings,
174,4,18/11/2023 01:00,United Center,Chicago Bulls,Orlando Magic,
175,4,18/11/2023 01:00,Smoothie King Center,New Orleans Pelicans,Denver Nuggets,
176,4,18/11/2023 03:00,Delta Center,Utah Jazz,Phoenix Suns,
177,4,18/11/2023 03:00,Moda Center,Portland Trail Blazers,Los Angeles Lakers,
178,4,18/11/2023 03:30,Crypto.com Arena,LA Clippers,Houston Rockets,
179,4,18/11/2023 23:00,Spectrum Center,Charlotte Hornets,New York Knicks,
180,4,19/11/2023 00:00,Smoothie King Center,New Orleans Pelicans,Minnesota Timberwolves,
181,4,19/11/2023 01:00,United Center,Chicago Bulls,Miami Heat,
182,4,19/11/2023 01:00,Fiserv Forum,Milwaukee Bucks,Dallas Mavericks,
183,4,19/11/2023 01:00,Frost Bank Center,San Antonio Spurs,Memphis Grizzlies,
184,4,19/11/2023 01:30,Chase Center,Golden State Warriors,Oklahoma City Thunder,
185,4,19/11/2023 20:00,Barclays Center,Brooklyn Nets,Philadelphia 76ers,
186,4,19/11/2023 21:00,Scotiabank Arena,Toronto Raptors,Detroit Pistons,
187,4,19/11/2023 22:00,Gainbridge Fieldhouse,Indiana Pacers,Orlando Magic,
188,4,19/11/2023 23:00,Rocket Mortgage FieldHouse,Cleveland Cavaliers,Denver Nuggets,
189,4,20/11/2023 00:30,American Airlines Center,Dallas Mavericks,Sacramento Kings,
190,4,20/11/2023 01:00,FedExForum,Memphis Grizzlies,Boston Celtics,
191,4,20/11/2023 01:00,Delta Center,Utah Jazz,Phoenix Suns,
192,4,20/11/2023 02:00,Moda Center,Portland Trail Blazers,Oklahoma City Thunder,
193,4,20/11/2023 02:30,Crypto.com Arena,Los Angeles Lakers,Houston Rockets,
194,5,21/11/2023 00:00,Spectrum Center,Charlotte Hornets,Boston Celtics,
195,5,21/11/2023 00:00,Little Caesars Arena,Detroit Pistons,Denver Nuggets,
196,5,21/11/2023 00:00,Capital One Arena,Washington Wizards,Milwaukee Bucks,
197,5,21/11/2023 01:00,United Center,Chicago Bulls,Miami Heat,
198,5,21/11/2023 01:00,Target Center,Minnesota Timberwolves,New York Knicks,
199,5,21/11/2023 01:00,Smoothie King Center,New Orleans Pelicans,Sacramento Kings,
200,5,21/11/2023 01:00,Frost Bank Center,San Antonio Spurs,LA Clippers,
201,5,21/11/2023 03:00,Chase Center,Golden State Warriors,Houston Rockets,
202,5,22/11/2023 00:00,Amway Center,Orlando Magic,Toronto Raptors,
203,5,22/11/2023 00:30,State Farm Arena,Atlanta Hawks,Indiana Pacers,
204,5,22/11/2023 00:30,Wells Fargo Center,Philadelphia 76ers,Cleveland Cavaliers,
205,5,22/11/2023 02:00,Footprint Center,Phoenix Suns,Portland Trail Blazers,
206,5,22/11/2023 03:00,Crypto.com Arena,Los Angeles Lakers,Utah Jazz,
207,5,23/11/2023 00:00,Spectrum Center,Charlotte Hornets,Washington Wizards,
208,5,23/11/2023 00:00,Amway Center,Orlando Magic,Denver Nuggets,
209,5,23/11/2023 00:30,State Farm Arena,Atlanta Hawks,Brooklyn Nets,
210,5,23/11/2023 00:30,TD Garden,Boston Celtics,Milwaukee Bucks,
211,5,23/11/2023 00:30,Rocket Mortgage FieldHouse,Cleveland Cavaliers,Miami Heat,
212,5,23/11/2023 00:30,Gainbridge Fieldhouse,Indiana Pacers,Toronto Raptors,
213,5,23/11/2023 01:00,Toyota Center,Houston Rockets,Memphis Grizzlies,
214,5,23/11/2023 01:00,Target Center,Minnesota Timberwolves,Philadelphia 76ers,
215,5,23/11/2023 01:00,Smoothie King Center,New Orleans Pelicans,Sacramento Kings,
216,5,23/11/2023 01:00,Paycom Center,Oklahoma City Thunder,Chicago Bulls,
217,5,23/11/2023 01:00,Frost Bank Center,San Antonio Spurs,LA Clippers,
218,5,23/11/2023 03:00,Footprint Center,Phoenix Suns,Golden State Warriors,
219,5,23/11/2023 03:00,Moda Center,Portland Trail Blazers,Utah Jazz,
220,5,23/11/2023 03:30,Crypto.com Arena,Los Angeles Lakers,Dallas Mavericks,
221,5,24/11/2023 19:30,Amway Center,Orlando Magic,Boston Celtics,
222,5,24/11/2023 22:00,FedExForum,Memphis Grizzlies,Phoenix Suns,
223,5,25/11/2023 00:30,Madison Square Garden,New York Knicks,Miami Heat,
224,5,25/11/2023 00:30,Scotiabank Arena,Toronto Raptors,Chicago Bulls,
225,5,25/11/2023 01:00,Gainbridge Fieldhouse,Indiana Pacers,Detroit Pistons,
226,5,25/11/2023 01:00,Toyota Center,Houston Rockets,Denver Nuggets,
227,5,25/11/2023 01:00,Fiserv Forum,Milwaukee Bucks,Washington Wizards,
228,5,25/11/2023 01:00,Target Center,Minnesota Timberwolves,Sacramento Kings,
229,5,25/11/2023 03:00,Chase Center,Golden State Warriors,San Antonio Spurs,
230,5,25/11/2023 03:30,Crypto.com Arena,LA Clippers,New Orleans Pelicans,
231,5,25/11/2023 22:00,Paycom Center,Oklahoma City Thunder,Philadelphia 76ers,
232,5,25/11/2023 23:00,Barclays Center,Brooklyn Nets,Miami Heat,
233,5,26/11/2023 00:00,Capital One Arena,Washington Wizards,Atlanta Hawks,
234,5,26/11/2023 00:30,Rocket Mortgage FieldHouse,Cleveland Cavaliers,Los Angeles Lakers,
235,5,26/11/2023 02:30,Delta Center,Utah Jazz,New Orleans Pelicans,
236,5,26/11/2023 03:30,Crypto.com Arena,LA Clippers,Dallas Mavericks,
237,5,26/11/2023 20:30,Fiserv Forum,Milwaukee Bucks,Portland Trail Blazers,
238,5,26/11/2023 23:00,TD Garden,Boston Celtics,Atlanta Hawks,
239,5,26/11/2023 23:00,Madison Square Garden,New York Knicks,Phoenix Suns,
240,5,26/11/2023 23:00,Amway Center,Orlando Magic,Charlotte Hornets,
241,5,26/11/2023 23:00,FedExForum,Memphis Grizzlies,Minnesota Timberwolves,
242,5,27/11/2023 00:30,Barclays Center,Brooklyn Nets,Chicago Bulls,
243,5,27/11/2023 00:30,Rocket Mortgage FieldHouse,Cleveland Cavaliers,Toronto Raptors,
244,5,27/11/2023 01:00,Ball Arena,Denver Nuggets,San Antonio Spurs,
245,6,28/11/2023 00:00,Little Caesars Arena,Detroit Pistons,Washington Wizards,
246,6,28/11/2023 00:00,Gainbridge Fieldhouse,Indiana Pacers,Portland Trail Blazers,
247,6,28/11/2023 00:00,Wells Fargo Center,Philadelphia 76ers,Los Angeles Lakers,
248,6,28/11/2023 02:00,Delta Center,Utah Jazz,New Orleans Pelicans,
249,6,28/11/2023 03:30,Crypto.com Arena,LA Clippers,Denver Nuggets,
250,6,29/11/2023 00:30,TD Garden,Boston Celtics,Chicago Bulls,
251,6,29/11/2023 00:30,Barclays Center,Brooklyn Nets,Toronto Raptors,
252,6,29/11/2023 00:30,Rocket Mortgage FieldHouse,Cleveland Cavaliers,Atlanta Hawks,
253,6,29/11/2023 00:30,Kaseya Center,Miami Heat,Milwaukee Bucks,
254,6,29/11/2023 00:30,Madison Square Garden,New York Knicks,Charlotte Hornets,
255,6,29/11/2023 01:00,Target Center,Minnesota Timberwolves,Oklahoma City Thunder,
256,6,29/11/2023 01:30,American Airlines Center,Dallas Mavericks,Houston Rockets,
257,6,29/11/2023 03:00,Golden 1 Center,Sacramento Kings,Golden State Warriors,
258,6,30/11/2023 00:00,Little Caesars Arena,Detroit Pistons,Los Angeles Lakers,
259,6,30/11/2023 00:00,Amway Center,Orlando Magic,Washington Wizards,
260,6,30/11/2023 00:30,Scotiabank Arena,Toronto Raptors,Phoenix Suns,
261,6,30/11/2023 01:00,FedExForum,Memphis Grizzlies,Utah Jazz,
262,6,30/11/2023 01:00,Smoothie King Center,New Orleans Pelicans,Philadelphia 76ers,
263,6,30/11/2023 02:00,Ball Arena,Denver Nuggets,Houston Rockets,
264,6,30/11/2023 03:00,Golden 1 Center,Sacramento Kings,LA Clippers,
265,6,01/12/2023 00:00,Rocket Mortgage FieldHouse,Cleveland Cavaliers,Portland Trail Blazers,
266,6,01/12/2023 00:30,Barclays Center,Brooklyn Nets,Charlotte Hornets,
267,6,01/12/2023 00:30,Kaseya Center,Miami Heat,Indiana Pacers,
268,6,01/12/2023 00:30,Madison Square Garden,New York Knicks,Detroit Pistons,
269,6,01/12/2023 01:00,United Center,Chicago Bulls,Milwaukee Bucks,
270,6,01/12/2023 01:00,Target Center,Minnesota Timberwolves,Utah Jazz,
271,6,01/12/2023 01:00,Paycom Center,Oklahoma City Thunder,Los Angeles Lakers,
272,6,01/12/2023 01:00,Frost Bank Center,San Antonio Spurs,Atlanta Hawks,
273,6,01/12/2023 03:00,Chase Center,Golden State Warriors,LA Clippers,
274,6,02/12/2023 00:00,Amway Center,Orlando Magic,Washington Wizards,
275,6,02/12/2023 00:30,TD Garden,Boston Celtics,Philadelphia 76ers,
276,6,02/12/2023 00:30,Scotiabank Arena,Toronto Raptors,New York Knicks,
277,6,02/12/2023 00:30,American Airlines Center,Dallas Mavericks,Memphis Grizzlies,
278,6,02/12/2023 01:00,Smoothie King Center,New Orleans Pelicans,San Antonio Spurs,
279,6,02/12/2023 03:00,Footprint Center,Phoenix Suns,Denver Nuggets,
280,6,02/12/2023 21:00,Crypto.com Arena,LA Clippers,Golden State Warriors,
281,6,02/12/2023 22:00,Spectrum Center,Charlotte Hornets,Minnesota Timberwolves,
282,6,03/12/2023 00:00,Barclays Center,Brooklyn Nets,Orlando Magic,
283,6,03/12/2023 00:00,Little Caesars Arena,Detroit Pistons,Cleveland Cavaliers,
284,6,03/12/2023 01:00,Kaseya Center,Miami Heat,Indiana Pacers,
285,6,03/12/2023 01:00,United Center,Chicago Bulls,New Orleans Pelicans,
286,6,03/12/2023 01:00,Fiserv Forum,Milwaukee Bucks,Atlanta Hawks,
287,6,03/12/2023 02:00,American Airlines Center,Dallas Mavericks,Oklahoma City Thunder,
288,6,03/12/2023 02:00,Footprint Center,Phoenix Suns,Memphis Grizzlies,
289,6,03/12/2023 02:30,Delta Center,Utah Jazz,Portland Trail Blazers,
290,6,03/12/2023 03:00,Golden 1 Center,Sacramento Kings,Denver Nuggets,
291,6,03/12/2023 03:30,Crypto.com Arena,Los Angeles Lakers,Houston Rockets,
292,7,12/12/2023 00:00,Spectrum Center,Charlotte Hornets,Miami Heat,
293,7,12/12/2023 00:00,Little Caesars Arena,Detroit Pistons,Indiana Pacers,
294,7,12/12/2023 00:00,Amway Center,Orlando Magic,Cleveland Cavaliers,
295,7,12/12/2023 00:00,Wells Fargo Center,Philadelphia 76ers,Washington Wizards,
296,7,12/12/2023 00:30,State Farm Arena,Atlanta Hawks,Denver Nuggets,
297,7,12/12/2023 00:30,Madison Square Garden,New York Knicks,Toronto Raptors,
298,7,12/12/2023 01:00,Toyota Center,Houston Rockets,San Antonio Spurs,
299,7,12/12/2023 01:00,FedExForum,Memphis Grizzlies,Dallas Mavericks,
300,7,12/12/2023 01:00,Fiserv Forum,Milwaukee Bucks,Chicago Bulls,
301,7,12/12/2023 01:00,Smoothie King Center,New Orleans Pelicans,Minnesota Timberwolves,
302,7,12/12/2023 01:00,Paycom Center,Oklahoma City Thunder,Utah Jazz,
303,7,12/12/2023 03:00,Golden 1 Center,Sacramento Kings,Brooklyn Nets,
304,7,12/12/2023 03:30,Crypto.com Arena,LA Clippers,Portland Trail Blazers,
305,7,13/12/2023 00:30,TD Garden,Boston Celtics,Cleveland Cavaliers,
306,7,13/12/2023 00:30,American Airlines Center,Dallas Mavericks,Los Angeles Lakers,
307,7,13/12/2023 01:00,United Center,Chicago Bulls,Denver Nuggets,
308,7,13/12/2023 03:00,Footprint Center,Phoenix Suns,Golden State Warriors,
309,7,13/12/2023 03:30,Crypto.com Arena,LA Clippers,Sacramento Kings,
310,7,14/12/2023 00:00,Little Caesars Arena,Detroit Pistons,Philadelphia 76ers,
311,7,14/12/2023 00:00,Capital One Arena,Washington Wizards,New Orleans Pelicans,
312,7,14/12/2023 00:30,Kaseya Center,Miami Heat,Charlotte Hornets,
313,7,14/12/2023 00:30,Scotiabank Arena,Toronto Raptors,Atlanta Hawks,
314,7,14/12/2023 01:00,Toyota Center,Houston Rockets,Memphis Grizzlies,
315,7,14/12/2023 01:00,Fiserv Forum,Milwaukee Bucks,Indiana Pacers,
316,7,14/12/2023 01:00,Frost Bank Center,San Antonio Spurs,Los Angeles Lakers,
317,7,14/12/2023 02:00,Footprint Center,Phoenix Suns,Brooklyn Nets,
318,7,14/12/2023 02:00,Delta Center,Utah Jazz,New York Knicks,
319,7,15/12/2023 00:30,TD Garden,Boston Celtics,Cleveland Cavaliers,
320,7,15/12/2023 00:30,Kaseya Center,Miami Heat,Chicago Bulls,
321,7,15/12/2023 01:30,American Airlines Center,Dallas Mavericks,Minnesota Timberwolves,
322,7,15/12/2023 02:00,Ball Arena,Denver Nuggets,Brooklyn Nets,
323,7,15/12/2023 03:00,Moda Center,Portland Trail Blazers,Utah Jazz,
324,7,15/12/2023 03:00,Golden 1 Center,Sacramento Kings,Oklahoma City Thunder,
325,7,15/12/2023 03:30,Crypto.com Arena,LA Clippers,Golden State Warriors,
326,7,16/12/2023 00:00,Spectrum Center,Charlotte Hornets,New Orleans Pelicans,
327,7,16/12/2023 00:00,Wells Fargo Center,Philadelphia 76ers,Detroit Pistons,
328,7,16/12/2023 00:00,Capital One Arena,Washington Wizards,Indiana Pacers,
329,7,16/12/2023 00:30,TD Garden,Boston Celtics,Orlando Magic,
330,7,16/12/2023 00:30,Scotiabank Arena,Toronto Raptors,Atlanta Hawks,
331,7,16/12/2023 00:30,Frost Bank Center,San Antonio Spurs,Los Angeles Lakers,
332,7,16/12/2023 01:00,FedExForum,Memphis Grizzlies,Houston Rockets,
333,7,16/12/2023 03:00,Footprint Center,Phoenix Suns,New York Knicks,
334,7,16/12/2023 23:00,Fiserv Forum,Milwaukee Bucks,Detroit Pistons,
335,7,17/12/2023 00:00,Spectrum Center,Charlotte Hornets,Philadelphia 76ers,
336,7,17/12/2023 00:30,Rocket Mortgage FieldHouse,Cleveland Cavaliers,Atlanta Hawks,
337,7,17/12/2023 01:00,Kaseya Center,Miami Heat,Chicago Bulls,
338,7,17/12/2023 01:00,Target Center,Minnesota Timberwolves,Indiana Pacers,
339,7,17/12/2023 01:30,Chase Center,Golden State Warriors,Brooklyn Nets,
340,7,17/12/2023 02:00,Ball Arena,Denver Nuggets,Oklahoma City Thunder,
341,7,17/12/2023 02:00,Moda Center,Portland Trail Blazers,Dallas Mavericks,
342,7,17/12/2023 03:00,Golden 1 Center,Sacramento Kings,Utah Jazz,
343,7,17/12/2023 03:30,Crypto.com Arena,LA Clippers,New York Knicks,
344,7,17/12/2023 20:00,TD Garden,Boston Celtics,Orlando Magic,
345,7,17/12/2023 20:30,Frost Bank Center,San Antonio Spurs,New Orleans Pelicans,
346,7,18/12/2023 00:00,Fiserv Forum,Milwaukee Bucks,Houston Rockets,
347,7,18/12/2023 01:00,Footprint Center,Phoenix Suns,Washington Wizards,
348,7,18/12/2023 02:00,Moda Center,Portland Trail Blazers,Golden State Warriors,
349,8,19/12/2023 00:00,Rocket Mortgage FieldHouse,Cleveland Cavaliers,Houston Rockets,
350,8,19/12/2023 00:00,Gainbridge Fieldhouse,Indiana Pacers,LA Clippers,
351,8,19/12/2023 00:00,Wells Fargo Center,Philadelphia 76ers,Chicago Bulls,
352,8,19/12/2023 00:30,State Farm Arena,Atlanta Hawks,Detroit Pistons,
353,8,19/12/2023 00:30,Kaseya Center,Miami Heat,Minnesota Timberwolves,
354,8,19/12/2023 00:30,Scotiabank Arena,Toronto Raptors,Charlotte Hornets,
355,8,19/12/2023 01:00,Paycom Center,Oklahoma City Thunder,Memphis Grizzlies,
356,8,19/12/2023 02:00,Ball Arena,Denver Nuggets,Dallas Mavericks,
357,8,19/12/2023 02:00,Delta Center,Utah Jazz,Brooklyn Nets,
358,8,19/12/2023 03:00,Golden 1 Center,Sacramento Kings,Washington Wizards,
359,8,19/12/2023 03:30,Crypto.com Arena,Los Angeles Lakers,New York Knicks,
360,8,20/12/2023 00:30,Smoothie King Center,New Orleans Pelicans,Memphis Grizzlies,
361,8,20/12/2023 01:00,Fiserv Forum,Milwaukee Bucks,San Antonio Spurs,
362,8,20/12/2023 03:00,Chase Center,Golden State Warriors,Boston Celtics,
363,8,20/12/2023 03:00,Moda Center,Portland Trail Blazers,Phoenix Suns,
364,8,21/12/2023 00:00,Rocket Mortgage FieldHouse,Cleveland Cavaliers,Utah Jazz,
365,8,21/12/2023 00:00,Gainbridge Fieldhouse,Indiana Pacers,Charlotte Hornets,
366,8,21/12/2023 00:00,Amway Center,Orlando Magic,Miami Heat,
367,8,21/12/2023 00:00,Wells Fargo Center,Philadelphia 76ers,Minnesota Timberwolves,
368,8,21/12/2023 00:30,Barclays Center,Brooklyn Nets,New York Knicks,
369,8,21/12/2023 00:30,Scotiabank Arena,Toronto Raptors,Denver Nuggets,
370,8,21/12/2023 01:00,United Center,Chicago Bulls,Los Angeles Lakers,
371,8,21/12/2023 01:00,Toyota Center,Houston Rockets,Atlanta Hawks,
372,8,21/12/2023 01:30,American Airlines Center,Dallas Mavericks,LA Clippers,
373,8,21/12/2023 03:00,Golden 1 Center,Sacramento Kings,Boston Celtics,
374,8,22/12/2023 00:00,Little Caesars Arena,Detroit Pistons,Utah Jazz,
375,8,22/12/2023 00:30,Rocket Mortgage FieldHouse,Cleveland Cavaliers,New Orleans Pelicans,
376,8,22/12/2023 01:00,United Center,Chicago Bulls,San Antonio Spurs,
377,8,22/12/2023 01:00,FedExForum,Memphis Grizzlies,Indiana Pacers,
378,8,22/12/2023 01:00,Fiserv Forum,Milwaukee Bucks,Orlando Magic,
379,8,22/12/2023 01:00,Paycom Center,Oklahoma City Thunder,LA Clippers,
380,8,22/12/2023 02:00,Target Center,Minnesota Timberwolves,Los Angeles Lakers,
381,8,22/12/2023 03:00,Moda Center,Portland Trail Blazers,Washington Wizards,
382,8,23/12/2023 00:00,Wells Fargo Center,Philadelphia 76ers,Toronto Raptors,
383,8,23/12/2023 00:30,Barclays Center,Brooklyn Nets,Denver Nuggets,
384,8,23/12/2023 01:00,Kaseya Center,Miami Heat,Atlanta Hawks,
385,8,23/12/2023 01:00,Toyota Center,Houston Rockets,Dallas Mavericks,
386,8,23/12/2023 03:00,Chase Center,Golden State Warriors,Washington Wizards,
387,8,23/12/2023 03:00,Golden 1 Center,Sacramento Kings,Phoenix Suns,
388,8,23/12/2023 17:30,Madison Square Garden,New York Knicks,Milwaukee Bucks,
389,8,23/12/2023 20:30,Crypto.com Arena,LA Clippers,Boston Celtics,
390,8,24/12/2023 00:00,Spectrum Center,Charlotte Hornets,Denver Nuggets,
391,8,24/12/2023 00:00,Gainbridge Fieldhouse,Indiana Pacers,Orlando Magic,
392,8,24/12/2023 00:00,Smoothie King Center,New Orleans Pelicans,Houston Rockets,
393,8,24/12/2023 00:30,State Farm Arena,Atlanta Hawks,Memphis Grizzlies,
394,8,24/12/2023 00:30,Barclays Center,Brooklyn Nets,Detroit Pistons,
395,8,24/12/2023 00:30,Scotiabank Arena,Toronto Raptors,Utah Jazz,
396,8,24/12/2023 01:00,United Center,Chicago Bulls,Cleveland Cavaliers,
397,8,24/12/2023 01:00,Paycom Center,Oklahoma City Thunder,Los Angeles Lakers,
398,8,24/12/2023 01:30,American Airlines Center,Dallas Mavericks,San Antonio Spurs,
399,8,24/12/2023 01:30,Chase Center,Golden State Warriors,Portland Trail Blazers,
400,8,24/12/2023 03:00,Golden 1 Center,Sacramento Kings,Minnesota Timberwolves,
401,9,25/12/2023 17:00,Madison Square Garden,New York Knicks,Milwaukee Bucks,
402,9,25/12/2023 19:30,Ball Arena,Denver Nuggets,Golden State Warriors,
403,9,25/12/2023 22:00,Crypto.com Arena,Los Angeles Lakers,Boston Celtics,
404,9,26/12/2023 01:00,Kaseya Center,Miami Heat,Philadelphia 76ers,
405,9,26/12/2023 03:30,Footprint Center,Phoenix Suns,Dallas Mavericks,
406,9,27/12/2023 00:00,Little Caesars Arena,Detroit Pistons,Brooklyn Nets,
407,9,27/12/2023 00:00,Capital One Arena,Washington Wizards,Orlando Magic,
408,9,27/12/2023 01:00,United Center,Chicago Bulls,Atlanta Hawks,
409,9,27/12/2023 01:00,Toyota Center,Houston Rockets,Indiana Pacers,
410,9,27/12/2023 01:00,Smoothie King Center,New Orleans Pelicans,Memphis Grizzlies,
411,9,27/12/2023 01:00,Paycom Center,Oklahoma City Thunder,Minnesota Timberwolves,
412,9,27/12/2023 01:00,Frost Bank Center,San Antonio Spurs,Utah Jazz,
413,9,27/12/2023 03:00,Moda Center,Portland Trail Blazers,Sacramento Kings,
414,9,27/12/2023 03:30,Crypto.com Arena,LA Clippers,Charlotte Hornets,
415,9,28/12/2023 00:00,Amway Center,Orlando Magic,Philadelphia 76ers,
416,9,28/12/2023 00:00,Capital One Arena,Washington Wizards,Toronto Raptors,
417,9,28/12/2023 00:30,Barclays Center,Brooklyn Nets,Milwaukee Bucks,
418,9,28/12/2023 01:00,Toyota Center,Houston Rockets,Phoenix Suns,
419,9,28/12/2023 01:00,Paycom Center,Oklahoma City Thunder,New York Knicks,
420,9,28/12/2023 01:30,American Airlines Center,Dallas Mavericks,Cleveland Cavaliers,
421,9,29/12/2023 00:30,TD Garden,Boston Celtics,Detroit Pistons,
422,9,29/12/2023 01:00,United Center,Chicago Bulls,Indiana Pacers,
423,9,29/12/2023 01:00,Target Center,Minnesota Timberwolves,Dallas Mavericks,
424,9,29/12/2023 01:00,Smoothie King Center,New Orleans Pelicans,Utah Jazz,
425,9,29/12/2023 02:00,Ball Arena,Denver Nuggets,Memphis Grizzlies,
426,9,29/12/2023 03:00,Chase Center,Golden State Warriors,Miami Heat,
427,9,29/12/2023 03:00,Moda Center,Portland Trail Blazers,San Antonio Spurs,
428,9,29/12/2023 03:30,Crypto.com Arena,Los Angeles Lakers,Charlotte Hornets,
429,9,30/12/2023 00:00,Amway Center,Orlando Magic,New York Knicks,
430,9,30/12/2023 00:00,Capital One Arena,Washington Wizards,Brooklyn Nets,
431,9,30/12/2023 00:30,State Farm Arena,Atlanta Hawks,Sacramento Kings,
432,9,30/12/2023 00:30,TD Garden,Boston Celtics,Toronto Raptors,
433,9,30/12/2023 00:30,Rocket Mortgage FieldHouse,Cleveland Cavaliers,Milwaukee Bucks,
434,9,30/12/2023 01:00,Toyota Center,Houston Rockets,Philadelphia 76ers,
435,9,30/12/2023 02:00,Ball Arena,Denver Nuggets,Oklahoma City Thunder,
436,9,30/12/2023 02:00,Footprint Center,Phoenix Suns,Charlotte Hornets,
437,9,30/12/2023 03:00,Moda Center,Portland Trail Blazers,San Antonio Spurs,
438,9,30/12/2023 03:30,Crypto.com Arena,LA Clippers,Memphis Grizzlies,
439,9,30/12/2023 22:00,Delta Center,Utah Jazz,Miami Heat,
440,9,30/12/2023 23:00,Little Caesars Arena,Detroit Pistons,Toronto Raptors,
441,9,31/12/2023 00:00,Gainbridge Fieldhouse,Indiana Pacers,New York Knicks,
442,9,31/12/2023 01:00,United Center,Chicago Bulls,Philadelphia 76ers,
443,9,31/12/2023 01:00,Target Center,Minnesota Timberwolves,Los Angeles Lakers,
444,9,31/12/2023 01:30,Chase Center,Golden State Warriors,Dallas Mavericks,
445,9,31/12/2023 20:00,Capital One Arena,Washington Wizards,Atlanta Hawks,
446,9,01/01/2024 00:00,Smoothie King Center,New Orleans Pelicans,Los Angeles Lakers,
447,9,01/01/2024 00:00,Paycom Center,Oklahoma City Thunder,Brooklyn Nets,
448,9,01/01/2024 00:00,Frost Bank Center,San Antonio Spurs,Boston Celtics,
449,9,01/01/2024 01:00,FedExForum,Memphis Grizzlies,Sacramento Kings,
450,9,01/01/2024 01:00,Footprint Center,Phoenix Suns,Orlando Magic,
451,10,01/01/2024 20:00,Madison Square Garden,New York Knicks,Minnesota Timberwolves,
452,10,02/01/2024 00:30,Scotiabank Arena,Toronto Raptors,Cleveland Cavaliers,
453,10,02/01/2024 01:00,Toyota Center,Houston Rockets,Detroit Pistons,
454,10,02/01/2024 01:00,Fiserv Forum,Milwaukee Bucks,Indiana Pacers,
455,10,02/01/2024 02:00,Ball Arena,Denver Nuggets,Charlotte Hornets,
456,10,02/01/2024 02:00,Footprint Center,Phoenix Suns,Portland Trail Blazers,
457,10,02/01/2024 02:00,Delta Center,Utah Jazz,Dallas Mavericks,
458,10,02/01/2024 03:30,Crypto.com Arena,LA Clippers,Miami Heat,
459,10,03/01/2024 00:00,Wells Fargo Center,Philadelphia 76ers,Chicago Bulls,
460,10,03/01/2024 01:00,FedExForum,Memphis Grizzlies,San Antonio Spurs,
461,10,03/01/2024 01:00,Smoothie King Center,New Orleans Pelicans,Brooklyn Nets,
462,10,03/01/2024 01:00,Paycom Center,Oklahoma City Thunder,Boston Celtics,
463,10,03/01/2024 03:00,Chase Center,Golden State Warriors,Orlando Magic,
464,10,03/01/2024 03:00,Golden 1 Center,Sacramento Kings,Charlotte Hornets,
465,10,04/01/2024 00:00,Rocket Mortgage FieldHouse,Cleveland Cavaliers,Washington Wizards,
466,10,04/01/2024 00:00,Gainbridge Fieldhouse,Indiana Pacers,Milwaukee Bucks,
467,10,04/01/2024 00:30,State Farm Arena,Atlanta Hawks,Oklahoma City Thunder,
469,10,04/01/2024 01:00,Toyota Center,Houston Rockets,Brooklyn Nets,
470,10,04/01/2024 01:00,FedExForum,Memphis Grizzlies,Toronto Raptors,
471,10,04/01/2024 01:00,Target Center,Minnesota Timberwolves,New Orleans Pelicans,
468,10,04/01/2024 01:30,Madison Square Garden,New York Knicks,Chicago Bulls,
472,10,04/01/2024 01:30,American Airlines Center,Dallas Mavericks,Portland Trail Blazers,
473,10,04/01/2024 02:00,Footprint Center,Phoenix Suns,LA Clippers,
474,10,04/01/2024 02:00,Delta Center,Utah Jazz,Detroit Pistons,
475,10,04/01/2024 03:00,Crypto.com Arena,Los Angeles Lakers,Miami Heat,
476,10,04/01/2024 03:00,Golden 1 Center,Sacramento Kings,Orlando Magic,
477,10,05/01/2024 00:30,Frost Bank Center,San Antonio Spurs,Milwaukee Bucks,
478,10,05/01/2024 03:00,Chase Center,Golden State Warriors,Denver Nuggets,
479,10,06/01/2024 00:00,TD Garden,Boston Celtics,Utah Jazz,
480,10,06/01/2024 00:00,Gainbridge Fieldhouse,Indiana Pacers,Atlanta Hawks,
481,10,06/01/2024 00:30,Barclays Center,Brooklyn Nets,Oklahoma City Thunder,
482,10,06/01/2024 00:30,Rocket Mortgage FieldHouse,Cleveland Cavaliers,Washington Wizards,
483,10,06/01/2024 00:30,Wells Fargo Center,Philadelphia 76ers,New York Knicks,
484,10,06/01/2024 01:00,United Center,Chicago Bulls,Charlotte Hornets,
485,10,06/01/2024 01:00,Toyota Center,Houston Rockets,Minnesota Timberwolves,
486,10,06/01/2024 01:00,Smoothie King Center,New Orleans Pelicans,LA Clippers,
487,10,06/01/2024 01:30,American Airlines Center,Dallas Mavericks,Portland Trail Blazers,
488,10,06/01/2024 02:00,Ball Arena,Denver Nuggets,Orlando Magic,
489,10,06/01/2024 02:00,Footprint Center,Phoenix Suns,Miami Heat,
490,10,06/01/2024 03:00,Chase Center,Golden State Warriors,Detroit Pistons,
491,10,06/01/2024 03:00,Crypto.com Arena,Los Angeles Lakers,Memphis Grizzlies,
492,10,06/01/2024 03:00,Golden 1 Center,Sacramento Kings,Toronto Raptors,
493,10,07/01/2024 00:00,Gainbridge Fieldhouse,Indiana Pacers,Boston Celtics,
494,10,07/01/2024 00:00,Capital One Arena,Washington Wizards,New York Knicks,
495,10,07/01/2024 00:30,Wells Fargo Center,Philadelphia 76ers,Utah Jazz,
496,10,07/01/2024 01:00,Toyota Center,Houston Rockets,Milwaukee Bucks,
497,10,07/01/2024 18:00,Rocket Mortgage FieldHouse,Cleveland Cavaliers,San Antonio Spurs,
498,10,07/01/2024 20:00,Barclays Center,Brooklyn Nets,Portland Trail Blazers,
499,10,07/01/2024 23:00,Amway Center,Orlando Magic,Atlanta Hawks,
500,10,07/01/2024 23:00,Golden 1 Center,Sacramento Kings,New Orleans Pelicans,
501,10,08/01/2024 00:30,American Airlines Center,Dallas Mavericks,Minnesota Timberwolves,
502,10,08/01/2024 01:00,Ball Arena,Denver Nuggets,Detroit Pistons,
503,10,08/01/2024 01:00,Footprint Center,Phoenix Suns,Memphis Grizzlies,
504,10,08/01/2024 01:30,Chase Center,Golden State Warriors,Toronto Raptors,
505,10,08/01/2024 02:30,Crypto.com Arena,Los Angeles Lakers,LA Clippers,
506,11,09/01/2024 00:00,Spectrum Center,Charlotte Hornets,Chicago Bulls,
507,11,09/01/2024 00:00,Gainbridge Fieldhouse,Indiana Pacers,Boston Celtics,
508,11,09/01/2024 00:00,Capital One Arena,Washington Wizards,Oklahoma City Thunder,
509,11,09/01/2024 00:30,Kaseya Center,Miami Heat,Houston Rockets,
510,11,09/01/2024 01:00,Fiserv Forum,Milwaukee Bucks,Utah Jazz,
511,11,09/01/2024 03:30,Crypto.com Arena,LA Clippers,Phoenix Suns,
512,11,10/01/2024 00:00,Little Caesars Arena,Detroit Pistons,Sacramento Kings,
513,11,10/01/2024 00:00,Amway Center,Orlando Magic,Minnesota Timberwolves,
514,11,10/01/2024 00:30,Madison Square Garden,New York Knicks,Portland Trail Blazers,
515,11,10/01/2024 01:30,American Airlines Center,Dallas Mavericks,Memphis Grizzlies,
516,11,10/01/2024 03:30,Crypto.com Arena,Los Angeles Lakers,Toronto Raptors,
517,11,11/01/2024 00:00,TD Garden,Boston Celtics,Minnesota Timberwolves,
518,11,11/01/2024 00:00,Spectrum Center,Charlotte Hornets,Sacramento Kings,
519,11,11/01/2024 00:00,Little Caesars Arena,Detroit Pistons,San Antonio Spurs,
520,11,11/01/2024 00:00,Gainbridge Fieldhouse,Indiana Pacers,Washington Wizards,
521,11,11/01/2024 00:30,State Farm Arena,Atlanta Hawks,Philadelphia 76ers,
522,11,11/01/2024 00:30,Kaseya Center,Miami Heat,Oklahoma City Thunder,
523,11,11/01/2024 01:00,United Center,Chicago Bulls,Houston Rockets,
525,11,11/01/2024 01:30,Chase Center,Golden State Warriors,New Orleans Pelicans,
524,11,11/01/2024 03:00,Delta Center,Utah Jazz,Denver Nuggets,
526,11,11/01/2024 03:30,Crypto.com Arena,LA Clippers,Toronto Raptors,
527,11,11/01/2024 19:00,Accor Arena,Cleveland Cavaliers,Brooklyn Nets,
528,11,12/01/2024 00:30,Fiserv Forum,Milwaukee Bucks,Boston Celtics,
529,11,12/01/2024 01:00,Paycom Center,Oklahoma City Thunder,Portland Trail Blazers,
530,11,12/01/2024 01:30,American Airlines Center,Dallas Mavericks,New York Knicks,
531,11,12/01/2024 03:00,Crypto.com Arena,Los Angeles Lakers,Phoenix Suns,
532,11,13/01/2024 00:00,Wells Fargo Center,Philadelphia 76ers,Sacramento Kings,
533,11,13/01/2024 00:30,State Farm Arena,Atlanta Hawks,Indiana Pacers,
534,11,13/01/2024 00:30,Little Caesars Arena,Detroit Pistons,Houston Rockets,
535,11,13/01/2024 01:00,Kaseya Center,Miami Heat,Orlando Magic,
536,11,13/01/2024 01:00,United Center,Chicago Bulls,Golden State Warriors,
537,11,13/01/2024 01:00,FedExForum,Memphis Grizzlies,LA Clippers,
538,11,13/01/2024 01:00,Target Center,Minnesota Timberwolves,Portland Trail Blazers,
539,11,13/01/2024 02:00,Ball Arena,Denver Nuggets,New Orleans Pelicans,
540,11,13/01/2024 02:30,Delta Center,Utah Jazz,Toronto Raptors,
541,11,13/01/2024 03:00,Frost Bank Center,San Antonio Spurs,Charlotte Hornets,
542,11,14/01/2024 00:00,TD Garden,Boston Celtics,Houston Rockets,
543,11,14/01/2024 00:30,State Farm Arena,Atlanta Hawks,Washington Wizards,
544,11,14/01/2024 01:00,FedExForum,Memphis Grizzlies,New York Knicks,
545,11,14/01/2024 01:00,Fiserv Forum,Milwaukee Bucks,Golden State Warriors,
546,11,14/01/2024 01:00,Paycom Center,Oklahoma City Thunder,Orlando Magic,
547,11,14/01/2024 01:30,American Airlines Center,Dallas Mavericks,New Orleans Pelicans,
548,11,14/01/2024 01:30,Frost Bank Center,San Antonio Spurs,Chicago Bulls,
549,11,14/01/2024 02:30,Delta Center,Utah Jazz,Los Angeles Lakers,
550,11,14/01/2024 20:30,Ball Arena,Denver Nuggets,Indiana Pacers,
551,11,14/01/2024 23:00,Kaseya Center,Miami Heat,Charlotte Hornets,
552,11,15/01/2024 00:00,Fiserv Forum,Milwaukee Bucks,Sacramento Kings,
553,11,15/01/2024 00:00,Target Center,Minnesota Timberwolves,LA Clippers,
554,11,15/01/2024 02:00,Moda Center,Portland Trail Blazers,Phoenix Suns,
555,12,15/01/2024 18:00,Wells Fargo Center,Philadelphia 76ers,Houston Rockets,
556,12,15/01/2024 19:30,American Airlines Center,Dallas Mavericks,New Orleans Pelicans,
557,12,15/01/2024 20:00,Madison Square Garden,New York Knicks,Orlando Magic,
558,12,15/01/2024 20:00,Capital One Arena,Washington Wizards,Detroit Pistons,
559,12,15/01/2024 20:30,State Farm Arena,Atlanta Hawks,San Antonio Spurs,
560,12,15/01/2024 23:00,FedExForum,Memphis Grizzlies,Golden State Warriors,
561,12,16/01/2024 00:00,Rocket Mortgage FieldHouse,Cleveland Cavaliers,Chicago Bulls,
562,12,16/01/2024 00:30,Barclays Center,Brooklyn Nets,Miami Heat,
563,12,16/01/2024 00:30,Scotiabank Arena,Toronto Raptors,Boston Celtics,
564,12,16/01/2024 02:00,Delta Center,Utah Jazz,Indiana Pacers,
565,12,16/01/2024 03:30,Crypto.com Arena,Los Angeles Lakers,Oklahoma City Thunder,
566,12,17/01/2024 00:30,Wells Fargo Center,Philadelphia 76ers,Denver Nuggets,
567,12,17/01/2024 02:00,Footprint Center,Phoenix Suns,Sacramento Kings,
568,12,17/01/2024 03:00,Crypto.com Arena,LA Clippers,Oklahoma City Thunder,
569,12,18/01/2024 00:00,Little Caesars Arena,Detroit Pistons,Minnesota Timberwolves,
570,12,18/01/2024 00:30,State Farm Arena,Atlanta Hawks,Orlando Magic,
571,12,18/01/2024 00:30,TD Garden,Boston Celtics,San Antonio Spurs,
572,12,18/01/2024 00:30,Rocket Mortgage FieldHouse,Cleveland Cavaliers,Milwaukee Bucks,
573,12,18/01/2024 00:30,Madison Square Garden,New York Knicks,Houston Rockets,
574,12,18/01/2024 00:30,Scotiabank Arena,Toronto Raptors,Miami Heat,
575,12,18/01/2024 01:00,Smoothie King Center,New Orleans Pelicans,Charlotte Hornets,
577,12,18/01/2024 01:30,Crypto.com Arena,Los Angeles Lakers,Dallas Mavericks,
576,12,18/01/2024 02:00,Delta Center,Utah Jazz,Golden State Warriors,
578,12,18/01/2024 03:00,Moda Center,Portland Trail Blazers,Brooklyn Nets,
579,12,19/01/2024 00:30,Madison Square Garden,New York Knicks,Washington Wizards,
580,12,19/01/2024 00:30,Scotiabank Arena,Toronto Raptors,Chicago Bulls,
581,12,19/01/2024 02:00,Delta Center,Utah Jazz,Oklahoma City Thunder,
582,12,19/01/2024 03:00,Target Center,Minnesota Timberwolves,Memphis Grizzlies,
583,12,19/01/2024 03:00,Golden 1 Center,Sacramento Kings,Indiana Pacers,
584,12,20/01/2024 00:00,Spectrum Center,Charlotte Hornets,San Antonio Spurs,
585,12,20/01/2024 00:00,Amway Center,Orlando Magic,Philadelphia 76ers,
586,12,20/01/2024 00:30,TD Garden,Boston Celtics,Denver Nuggets,
587,12,20/01/2024 01:00,Kaseya Center,Miami Heat,Atlanta Hawks,
588,12,20/01/2024 01:00,Smoothie King Center,New Orleans Pelicans,Phoenix Suns,
589,12,20/01/2024 03:00,Chase Center,Golden State Warriors,Dallas Mavericks,
590,12,20/01/2024 03:00,Moda Center,Portland Trail Blazers,Indiana Pacers,
591,12,20/01/2024 03:30,Crypto.com Arena,Los Angeles Lakers,Brooklyn Nets,
592,12,20/01/2024 20:00,Little Caesars Arena,Detroit Pistons,Milwaukee Bucks,
593,12,21/01/2024 00:00,Spectrum Center,Charlotte Hornets,Philadelphia 76ers,
594,12,21/01/2024 00:00,Capital One Arena,Washington Wizards,San Antonio Spurs,
595,12,21/01/2024 00:30,State Farm Arena,Atlanta Hawks,Cleveland Cavaliers,
596,12,21/01/2024 00:30,Madison Square Garden,New York Knicks,Toronto Raptors,
597,12,21/01/2024 01:00,United Center,Chicago Bulls,Memphis Grizzlies,
598,12,21/01/2024 01:00,Toyota Center,Houston Rockets,Utah Jazz,
599,12,21/01/2024 01:00,Target Center,Minnesota Timberwolves,Oklahoma City Thunder,
600,12,21/01/2024 20:30,Crypto.com Arena,LA Clippers,Brooklyn Nets,
601,12,21/01/2024 23:00,Amway Center,Orlando Magic,Miami Heat,
602,12,21/01/2024 23:00,Capital One Arena,Washington Wizards,Denver Nuggets,
603,12,22/01/2024 00:00,Toyota Center,Houston Rockets,Boston Celtics,
604,12,22/01/2024 01:00,Footprint Center,Phoenix Suns,Indiana Pacers,
605,12,22/01/2024 03:00,Crypto.com Arena,Los Angeles Lakers,Portland Trail Blazers,
606,13,23/01/2024 00:00,Little Caesars Arena,Detroit Pistons,Milwaukee Bucks,
607,13,23/01/2024 00:00,Amway Center,Orlando Magic,Cleveland Cavaliers,
608,13,23/01/2024 00:00,Wells Fargo Center,Philadelphia 76ers,San Antonio Spurs,
609,13,23/01/2024 00:30,Scotiabank Arena,Toronto Raptors,Memphis Grizzlies,
610,13,23/01/2024 01:00,Target Center,Minnesota Timberwolves,Charlotte Hornets,
611,13,23/01/2024 01:30,American Airlines Center,Dallas Mavericks,Boston Celtics,
612,13,23/01/2024 02:00,Footprint Center,Phoenix Suns,Chicago Bulls,
613,13,23/01/2024 03:00,Golden 1 Center,Sacramento Kings,Atlanta Hawks,
614,13,24/01/2024 00:00,Gainbridge Fieldhouse,Indiana Pacers,Denver Nuggets,
615,13,24/01/2024 00:30,Barclays Center,Brooklyn Nets,New York Knicks,
616,13,24/01/2024 01:00,Smoothie King Center,New Orleans Pelicans,Utah Jazz,
617,13,24/01/2024 01:00,Paycom Center,Oklahoma City Thunder,Portland Trail Blazers,
618,13,24/01/2024 03:00,Crypto.com Arena,LA Clippers,Los Angeles Lakers,
619,13,25/01/2024 00:00,Little Caesars Arena,Detroit Pistons,Charlotte Hornets,
620,13,25/01/2024 00:00,Capital One Arena,Washington Wizards,Minnesota Timberwolves,
621,13,25/01/2024 00:30,Kaseya Center,Miami Heat,Memphis Grizzlies,
623,13,25/01/2024 01:00,Toyota Center,Houston Rockets,Portland Trail Blazers,
624,13,25/01/2024 01:00,Fiserv Forum,Milwaukee Bucks,Cleveland Cavaliers,
622,13,25/01/2024 01:30,Frost Bank Center,San Antonio Spurs,Oklahoma City Thunder,
625,13,25/01/2024 02:30,American Airlines Center,Dallas Mavericks,Phoenix Suns,
626,13,25/01/2024 03:00,Chase Center,Golden State Warriors,Atlanta Hawks,
627,13,26/01/2024 00:00,Gainbridge Fieldhouse,Indiana Pacers,Philadelphia 76ers,
628,13,26/01/2024 00:00,Capital One Arena,Washington Wizards,Utah Jazz,
629,13,26/01/2024 00:30,Barclays Center,Brooklyn Nets,Minnesota Timberwolves,
630,13,26/01/2024 00:30,Kaseya Center,Miami Heat,Boston Celtics,
631,13,26/01/2024 00:30,Madison Square Garden,New York Knicks,Denver Nuggets,
632,13,26/01/2024 03:00,Chase Center,Golden State Warriors,Sacramento Kings,
633,13,26/01/2024 03:30,Crypto.com Arena,Los Angeles Lakers,Chicago Bulls,
634,13,27/01/2024 00:00,State Farm Arena,Atlanta Hawks,Dallas Mavericks,
635,13,27/01/2024 00:00,Spectrum Center,Charlotte Hornets,Houston Rockets,
636,13,27/01/2024 00:00,Gainbridge Fieldhouse,Indiana Pacers,Phoenix Suns,
637,13,27/01/2024 00:30,Scotiabank Arena,Toronto Raptors,LA Clippers,
638,13,27/01/2024 01:00,FedExForum,Memphis Grizzlies,Orlando Magic,
639,13,27/01/2024 01:00,Fiserv Forum,Milwaukee Bucks,Cleveland Cavaliers,
640,13,27/01/2024 01:00,Smoothie King Center,New Orleans Pelicans,Oklahoma City Thunder,
641,13,27/01/2024 02:30,Frost Bank Center,San Antonio Spurs,Portland Trail Blazers,
642,13,27/01/2024 17:00,Little Caesars Arena,Detroit Pistons,Washington Wizards,
643,13,27/01/2024 20:00,Madison Square Garden,New York Knicks,Miami Heat,
644,13,27/01/2024 22:30,Ball Arena,Denver Nuggets,Philadelphia 76ers,
645,13,27/01/2024 23:00,Barclays Center,Brooklyn Nets,Houston Rockets,
646,13,28/01/2024 00:00,TD Garden,Boston Celtics,LA Clippers,
647,13,28/01/2024 00:00,Spectrum Center,Charlotte Hornets,Utah Jazz,
648,13,28/01/2024 01:00,Fiserv Forum,Milwaukee Bucks,New Orleans Pelicans,
649,13,28/01/2024 01:30,Frost Bank Center,San Antonio Spurs,Minnesota Timberwolves,
650,13,28/01/2024 01:30,Chase Center,Golden State Warriors,Los Angeles Lakers,
651,13,28/01/2024 02:00,American Airlines Center,Dallas Mavericks,Sacramento Kings,
652,13,28/01/2024 20:30,Gainbridge Fieldhouse,Indiana Pacers,Memphis Grizzlies,
653,13,28/01/2024 23:00,State Farm Arena,Atlanta Hawks,Toronto Raptors,
654,13,28/01/2024 23:00,Little Caesars Arena,Detroit Pistons,Oklahoma City Thunder,
655,13,28/01/2024 23:00,Amway Center,Orlando Magic,Phoenix Suns,
656,13,29/01/2024 02:00,Moda Center,Portland Trail Blazers,Chicago Bulls,
657,14,30/01/2024 00:00,Spectrum Center,Charlotte Hornets,New York Knicks,
658,14,30/01/2024 00:00,Rocket Mortgage FieldHouse,Cleveland Cavaliers,LA Clippers,
659,14,30/01/2024 00:30,TD Garden,Boston Celtics,New Orleans Pelicans,
660,14,30/01/2024 00:30,Barclays Center,Brooklyn Nets,Utah Jazz,
661,14,30/01/2024 00:30,Kaseya Center,Miami Heat,Phoenix Suns,
662,14,30/01/2024 01:00,Toyota Center,Houston Rockets,Los Angeles Lakers,
663,14,30/01/2024 01:00,FedExForum,Memphis Grizzlies,Sacramento Kings,
664,14,30/01/2024 01:00,Paycom Center,Oklahoma City Thunder,Minnesota Timberwolves,
665,14,30/01/2024 01:00,Frost Bank Center,San Antonio Spurs,Washington Wizards,
666,14,30/01/2024 01:30,American Airlines Center,Dallas Mavericks,Orlando Magic,
667,14,30/01/2024 02:00,Ball Arena,Denver Nuggets,Milwaukee Bucks,
668,14,30/01/2024 03:00,Moda Center,Portland Trail Blazers,Philadelphia 76ers,
669,14,31/01/2024 00:30,State Farm Arena,Atlanta Hawks,Los Angeles Lakers,
670,14,31/01/2024 00:30,TD Garden,Boston Celtics,Indiana Pacers,
671,14,31/01/2024 00:30,Madison Square Garden,New York Knicks,Utah Jazz,
672,14,31/01/2024 01:00,United Center,Chicago Bulls,Toronto Raptors,
673,14,31/01/2024 03:00,Chase Center,Golden State Warriors,Philadelphia 76ers,
674,14,01/02/2024 00:00,Spectrum Center,Charlotte Hornets,Chicago Bulls,
675,14,01/02/2024 00:00,Rocket Mortgage FieldHouse,Cleveland Cavaliers,Detroit Pistons,
676,14,01/02/2024 00:00,Capital One Arena,Washington Wizards,LA Clippers,
678,14,01/02/2024 00:30,Kaseya Center,Miami Heat,Sacramento Kings,
679,14,01/02/2024 01:00,Toyota Center,Houston Rockets,New Orleans Pelicans,
680,14,01/02/2024 01:00,Target Center,Minnesota Timberwolves,Dallas Mavericks,
681,14,01/02/2024 01:00,Frost Bank Center,San Antonio Spurs,Orlando Magic,
682,14,01/02/2024 01:00,Paycom Center,Oklahoma City Thunder,Denver Nuggets,
677,14,01/02/2024 01:30,Barclays Center,Brooklyn Nets,Phoenix Suns,
683,14,01/02/2024 03:00,Moda Center,Portland Trail Blazers,Milwaukee Bucks,
684,14,02/02/2024 00:30,TD Garden,Boston Celtics,Los Angeles Lakers,
685,14,02/02/2024 00:30,Madison Square Garden,New York Knicks,Indiana Pacers,
686,14,02/02/2024 02:00,Delta Center,Utah Jazz,Philadelphia 76ers,
687,14,02/02/2024 03:00,FedExForum,Memphis Grizzlies,Cleveland Cavaliers,
688,14,03/02/2024 00:00,Little Caesars Arena,Detroit Pistons,LA Clippers,
689,14,03/02/2024 00:00,Capital One Arena,Washington Wizards,Miami Heat,
690,14,03/02/2024 00:30,State Farm Arena,Atlanta Hawks,Phoenix Suns,
691,14,03/02/2024 00:30,Gainbridge Fieldhouse,Indiana Pacers,Sacramento Kings,
692,14,03/02/2024 01:00,Toyota Center,Houston Rockets,Toronto Raptors,
693,14,03/02/2024 01:00,FedExForum,Memphis Grizzlies,Golden State Warriors,
694,14,03/02/2024 01:00,Target Center,Minnesota Timberwolves,Orlando Magic,
695,14,03/02/2024 01:00,Paycom Center,Oklahoma City Thunder,Charlotte Hornets,
696,14,03/02/2024 01:00,Frost Bank Center,San Antonio Spurs,New Orleans Pelicans,
697,14,03/02/2024 02:00,Ball Arena,Denver Nuggets,Portland Trail Blazers,
698,14,03/02/2024 23:00,Wells Fargo Center,Philadelphia 76ers,Brooklyn Nets,
699,14,04/02/2024 00:30,State Farm Arena,Atlanta Hawks,Golden State Warriors,
700,14,04/02/2024 01:00,United Center,Chicago Bulls,Sacramento Kings,
701,14,04/02/2024 01:30,Madison Square Garden,New York Knicks,Los Angeles Lakers,
702,14,04/02/2024 01:30,American Airlines Center,Dallas Mavericks,Milwaukee Bucks,
703,14,04/02/2024 01:30,Frost Bank Center,San Antonio Spurs,Cleveland Cavaliers,
704,14,04/02/2024 20:00,Little Caesars Arena,Detroit Pistons,Orlando Magic,
705,14,04/02/2024 20:30,Capital One Arena,Washington Wizards,Phoenix Suns,
706,14,04/02/2024 23:00,TD Garden,Boston Celtics,Memphis Grizzlies,
707,14,04/02/2024 23:00,Spectrum Center,Charlotte Hornets,Indiana Pacers,
708,14,04/02/2024 23:00,Kaseya Center,Miami Heat,LA Clippers,
709,14,05/02/2024 00:00,Target Center,Minnesota Timberwolves,Houston Rockets,
710,14,05/02/2024 00:00,Paycom Center,Oklahoma City Thunder,Toronto Raptors,
711,14,05/02/2024 01:00,Delta Center,Utah Jazz,Milwaukee Bucks,
712,14,05/02/2024 01:30,Ball Arena,Denver Nuggets,Portland Trail Blazers,
713,15,06/02/2024 00:00,Spectrum Center,Charlotte Hornets,Los Angeles Lakers,
714,15,06/02/2024 00:00,Rocket Mortgage FieldHouse,Cleveland Cavaliers,Sacramento Kings,
715,15,06/02/2024 00:00,Wells Fargo Center,Philadelphia 76ers,Dallas Mavericks,
716,15,06/02/2024 00:30,State Farm Arena,Atlanta Hawks,LA Clippers,
717,15,06/02/2024 00:30,Barclays Center,Brooklyn Nets,Golden State Warriors,
718,15,06/02/2024 01:00,Smoothie King Center,New Orleans Pelicans,Toronto Raptors,
719,15,07/02/2024 00:00,Gainbridge Fieldhouse,Indiana Pacers,Houston Rockets,
720,15,07/02/2024 00:30,Barclays Center,Brooklyn Nets,Dallas Mavericks,
721,15,07/02/2024 00:30,Kaseya Center,Miami Heat,Orlando Magic,
722,15,07/02/2024 00:30,Madison Square Garden,New York Knicks,Memphis Grizzlies,
723,15,07/02/2024 01:00,United Center,Chicago Bulls,Minnesota Timberwolves,
724,15,07/02/2024 02:00,Delta Center,Utah Jazz,Oklahoma City Thunder,
725,15,07/02/2024 03:00,Footprint Center,Phoenix Suns,Milwaukee Bucks,
726,15,08/02/2024 00:00,Spectrum Center,Charlotte Hornets,Toronto Raptors,
727,15,08/02/2024 00:00,Wells Fargo Center,Philadelphia 76ers,Golden State Warriors,
728,15,08/02/2024 00:00,Capital One Arena,Washington Wizards,Cleveland Cavaliers,
729,15,08/02/2024 00:30,TD Garden,Boston Celtics,Atlanta Hawks,
730,15,08/02/2024 00:30,Kaseya Center,Miami Heat,San Antonio Spurs,
731,15,08/02/2024 03:00,Crypto.com Arena,LA Clippers,New Orleans Pelicans,
732,15,08/02/2024 03:00,Golden 1 Center,Sacramento Kings,Detroit Pistons,
733,15,09/02/2024 00:00,Gainbridge Fieldhouse,Indiana Pacers,Golden State Warriors,
734,15,09/02/2024 00:00,Amway Center,Orlando Magic,San Antonio Spurs,
735,15,09/02/2024 00:30,Barclays Center,Brooklyn Nets,Cleveland Cavaliers,
736,15,09/02/2024 00:30,Madison Square Garden,New York Knicks,Dallas Mavericks,
737,15,09/02/2024 01:00,FedExForum,Memphis Grizzlies,Chicago Bulls,
738,15,09/02/2024 01:00,Fiserv Forum,Milwaukee Bucks,Minnesota Timberwolves,
739,15,09/02/2024 02:00,Footprint Center,Phoenix Suns,Utah Jazz,
740,15,09/02/2024 03:00,Crypto.com Arena,Los Angeles Lakers,Denver Nuggets,
741,15,09/02/2024 03:00,Moda Center,Portland Trail Blazers,Detroit Pistons,
742,15,10/02/2024 00:00,Wells Fargo Center,Philadelphia 76ers,Atlanta Hawks,
743,15,10/02/2024 00:30,TD Garden,Boston Celtics,Washington Wizards,
744,15,10/02/2024 00:30,Scotiabank Arena,Toronto Raptors,Houston Rockets,
745,15,10/02/2024 01:00,Fiserv Forum,Milwaukee Bucks,Charlotte Hornets,
746,15,10/02/2024 03:00,Golden 1 Center,Sacramento Kings,Denver Nuggets,
747,15,10/02/2024 03:30,Crypto.com Arena,Los Angeles Lakers,New Orleans Pelicans,
748,15,10/02/2024 20:00,American Airlines Center,Dallas Mavericks,Oklahoma City Thunder,
749,15,10/02/2024 20:30,Crypto.com Arena,LA Clippers,Detroit Pistons,
750,15,10/02/2024 23:00,Barclays Center,Brooklyn Nets,San Antonio Spurs,
751,15,11/02/2024 00:00,Spectrum Center,Charlotte Hornets,Memphis Grizzlies,
752,15,11/02/2024 00:00,Amway Center,Orlando Magic,Chicago Bulls,
753,15,11/02/2024 00:00,Capital One Arena,Washington Wizards,Philadelphia 76ers,
754,15,11/02/2024 00:30,State Farm Arena,Atlanta Hawks,Houston Rockets,
755,15,11/02/2024 00:30,Madison Square Garden,New York Knicks,Indiana Pacers,
756,15,11/02/2024 00:30,Scotiabank Arena,Toronto Raptors,Cleveland Cavaliers,
757,15,11/02/2024 01:30,Chase Center,Golden State Warriors,Phoenix Suns,
758,15,11/02/2024 03:00,Moda Center,Portland Trail Blazers,New Orleans Pelicans,
759,15,11/02/2024 19:00,Kaseya Center,Miami Heat,Boston Celtics,
760,15,11/02/2024 20:00,Paycom Center,Oklahoma City Thunder,Sacramento Kings,
761,16,13/02/2024 00:00,Spectrum Center,Charlotte Hornets,Indiana Pacers,
762,16,13/02/2024 00:00,Rocket Mortgage FieldHouse,Cleveland Cavaliers,Philadelphia 76ers,
763,16,13/02/2024 00:30,State Farm Arena,Atlanta Hawks,Chicago Bulls,
764,16,13/02/2024 00:30,Scotiabank Arena,Toronto Raptors,San Antonio Spurs,
765,16,13/02/2024 01:00,Toyota Center,Houston Rockets,New York Knicks,
766,16,13/02/2024 01:00,FedExForum,Memphis Grizzlies,New Orleans Pelicans,
767,16,13/02/2024 01:00,Fiserv Forum,Milwaukee Bucks,Denver Nuggets,
768,16,13/02/2024 01:30,American Airlines Center,Dallas Mavericks,Washington Wizards,
769,16,13/02/2024 02:00,Delta Center,Utah Jazz,Golden State Warriors,
770,16,13/02/2024 03:30,Crypto.com Arena,LA Clippers,Minnesota Timberwolves,
771,16,14/02/2024 00:30,Barclays Center,Brooklyn Nets,Boston Celtics,
772,16,14/02/2024 00:30,Amway Center,Orlando Magic,Oklahoma City Thunder,
773,16,14/02/2024 01:00,Fiserv Forum,Milwaukee Bucks,Miami Heat,
774,16,14/02/2024 03:00,Footprint Center,Phoenix Suns,Sacramento Kings,
775,16,14/02/2024 03:00,Moda Center,Portland Trail Blazers,Minnesota Timberwolves,
776,16,14/02/2024 03:30,Crypto.com Arena,Los Angeles Lakers,Detroit Pistons,
777,16,15/02/2024 00:00,Spectrum Center,Charlotte Hornets,Atlanta Hawks,
778,16,15/02/2024 00:00,Amway Center,Orlando Magic,New York Knicks,
779,16,15/02/2024 00:00,Wells Fargo Center,Philadelphia 76ers,Miami Heat,
780,16,15/02/2024 00:30,TD Garden,Boston Celtics,Brooklyn Nets,
781,16,15/02/2024 00:30,Rocket Mortgage FieldHouse,Cleveland Cavaliers,Chicago Bulls,
782,16,15/02/2024 00:30,Scotiabank Arena,Toronto Raptors,Indiana Pacers,
783,16,15/02/2024 01:00,FedExForum,Memphis Grizzlies,Houston Rockets,
784,16,15/02/2024 01:00,Smoothie King Center,New Orleans Pelicans,Washington Wizards,
785,16,15/02/2024 01:30,American Airlines Center,Dallas Mavericks,San Antonio Spurs,
786,16,15/02/2024 02:00,Ball Arena,Denver Nuggets,Sacramento Kings,
787,16,15/02/2024 02:00,Footprint Center,Phoenix Suns,Detroit Pistons,
788,16,15/02/2024 02:00,Delta Center,Utah Jazz,Los Angeles Lakers,
789,16,15/02/2024 03:00,Chase Center,Golden State Warriors,LA Clippers,
790,16,16/02/2024 01:30,FedExForum,Memphis Grizzlies,Milwaukee Bucks,
791,16,16/02/2024 03:00,Moda Center,Portland Trail Blazers,Minnesota Timberwolves,
792,17,23/02/2024 00:00,Rocket Mortgage FieldHouse,Cleveland Cavaliers,Orlando Magic,
793,17,23/02/2024 00:00,Gainbridge Fieldhouse,Indiana Pacers,Detroit Pistons,
794,17,23/02/2024 00:00,Wells Fargo Center,Philadelphia 76ers,New York Knicks,
795,17,23/02/2024 00:00,Scotiabank Arena,Toronto Raptors,Brooklyn Nets,
796,17,23/02/2024 00:30,American Airlines Center,Dallas Mavericks,Phoenix Suns,
797,17,23/02/2024 01:00,United Center,Chicago Bulls,Boston Celtics,
798,17,23/02/2024 01:00,Smoothie King Center,New Orleans Pelicans,Houston Rockets,
799,17,23/02/2024 01:00,Paycom Center,Oklahoma City Thunder,LA Clippers,
800,17,23/02/2024 02:00,Ball Arena,Denver Nuggets,Washington Wizards,
801,17,23/02/2024 02:00,Delta Center,Utah Jazz,Charlotte Hornets,
802,17,23/02/2024 03:00,Chase Center,Golden State Warriors,Los Angeles Lakers,
803,17,23/02/2024 03:00,Golden 1 Center,Sacramento Kings,San Antonio Spurs,
804,17,24/02/2024 00:30,State Farm Arena,Atlanta Hawks,Toronto Raptors,
805,17,24/02/2024 00:30,Wells Fargo Center,Philadelphia 76ers,Cleveland Cavaliers,
806,17,24/02/2024 01:00,Toyota Center,Houston Rockets,Phoenix Suns,
807,17,24/02/2024 01:00,FedExForum,Memphis Grizzlies,LA Clippers,
808,17,24/02/2024 01:00,Target Center,Minnesota Timberwolves,Milwaukee Bucks,
809,17,24/02/2024 01:00,Paycom Center,Oklahoma City Thunder,Washington Wizards,
810,17,24/02/2024 03:00,Smoothie King Center,New Orleans Pelicans,Miami Heat,
811,17,24/02/2024 03:00,Chase Center,Golden State Warriors,Charlotte Hornets,
812,17,24/02/2024 03:00,Moda Center,Portland Trail Blazers,Denver Nuggets,
813,17,24/02/2024 03:30,Crypto.com Arena,Los Angeles Lakers,San Antonio Spurs,
814,17,25/02/2024 01:00,Little Caesars Arena,Detroit Pistons,Orlando Magic,
815,17,25/02/2024 01:00,Target Center,Minnesota Timberwolves,Brooklyn Nets,
816,17,25/02/2024 01:30,Madison Square Garden,New York Knicks,Boston Celtics,
817,17,25/02/2024 18:00,Wells Fargo Center,Philadelphia 76ers,Milwaukee Bucks,
818,17,25/02/2024 20:30,Footprint Center,Phoenix Suns,Los Angeles Lakers,
819,17,25/02/2024 22:00,Gainbridge Fieldhouse,Indiana Pacers,Dallas Mavericks,
820,17,25/02/2024 23:00,Capital One Arena,Washington Wizards,Cleveland Cavaliers,
821,17,26/02/2024 00:00,State Farm Arena,Atlanta Hawks,Orlando Magic,
822,17,26/02/2024 00:00,Toyota Center,Houston Rockets,Oklahoma City Thunder,
823,17,26/02/2024 00:00,Smoothie King Center,New Orleans Pelicans,Chicago Bulls,
824,17,26/02/2024 00:00,Chase Center,Golden State Warriors,Denver Nuggets,
825,17,26/02/2024 01:00,Delta Center,Utah Jazz,San Antonio Spurs,
826,17,26/02/2024 02:00,Moda Center,Portland Trail Blazers,Charlotte Hornets,
827,17,26/02/2024 02:30,Crypto.com Arena,LA Clippers,Sacramento Kings,
828,18,27/02/2024 00:00,Little Caesars Arena,Detroit Pistons,New York Knicks,
829,18,27/02/2024 00:00,Gainbridge Fieldhouse,Indiana Pacers,Toronto Raptors,
830,18,27/02/2024 01:00,FedExForum,Memphis Grizzlies,Brooklyn Nets,
831,18,27/02/2024 03:00,Golden 1 Center,Sacramento Kings,Miami Heat,
832,18,28/02/2024 00:00,Rocket Mortgage FieldHouse,Cleveland Cavaliers,Dallas Mavericks,
833,18,28/02/2024 00:00,Amway Center,Orlando Magic,Brooklyn Nets,
834,18,28/02/2024 00:00,Capital One Arena,Washington Wizards,Golden State Warriors,
835,18,28/02/2024 00:30,State Farm Arena,Atlanta Hawks,Utah Jazz,
836,18,28/02/2024 00:30,TD Garden,Boston Celtics,Philadelphia 76ers,
837,18,28/02/2024 00:30,Madison Square Garden,New York Knicks,New Orleans Pelicans,
838,18,28/02/2024 00:30,Target Center,Minnesota Timberwolves,San Antonio Spurs,
839,18,28/02/2024 01:00,United Center,Chicago Bulls,Detroit Pistons,
840,18,28/02/2024 01:00,Fiserv Forum,Milwaukee Bucks,Charlotte Hornets,
841,18,28/02/2024 01:00,Paycom Center,Oklahoma City Thunder,Houston Rockets,
842,18,28/02/2024 03:00,Moda Center,Portland Trail Blazers,Miami Heat,
843,18,29/02/2024 00:00,Gainbridge Fieldhouse,Indiana Pacers,New Orleans Pelicans,
844,18,29/02/2024 00:30,Scotiabank Arena,Toronto Raptors,Dallas Mavericks,
845,18,29/02/2024 00:30,Target Center,Minnesota Timberwolves,Memphis Grizzlies,
846,18,29/02/2024 01:00,United Center,Chicago Bulls,Cleveland Cavaliers,
847,18,29/02/2024 02:00,Ball Arena,Denver Nuggets,Sacramento Kings,
848,18,29/02/2024 03:00,Crypto.com Arena,LA Clippers,Los Angeles Lakers,
849,18,01/03/2024 00:00,Spectrum Center,Charlotte Hornets,Milwaukee Bucks,
850,18,01/03/2024 00:00,Amway Center,Orlando Magic,Utah Jazz,
851,18,01/03/2024 00:30,Barclays Center,Brooklyn Nets,Atlanta Hawks,
852,18,01/03/2024 00:30,Madison Square Garden,New York Knicks,Golden State Warriors,
853,18,01/03/2024 01:30,Frost Bank Center,San Antonio Spurs,Oklahoma City Thunder,
854,18,01/03/2024 02:00,Footprint Center,Phoenix Suns,Houston Rockets,
855,18,01/03/2024 03:00,Ball Arena,Denver Nuggets,Miami Heat,
856,18,01/03/2024 03:30,Crypto.com Arena,Los Angeles Lakers,Washington Wizards,
857,18,02/03/2024 00:00,Little Caesars Arena,Detroit Pistons,Cleveland Cavaliers,
858,18,02/03/2024 00:00,Wells Fargo Center,Philadelphia 76ers,Charlotte Hornets,
859,18,02/03/2024 00:30,TD Garden,Boston Celtics,Dallas Mavericks,
860,18,02/03/2024 00:30,Scotiabank Arena,Toronto Raptors,Golden State Warriors,
861,18,02/03/2024 01:00,FedExForum,Memphis Grizzlies,Portland Trail Blazers,
862,18,02/03/2024 01:00,Target Center,Minnesota Timberwolves,Sacramento Kings,
863,18,02/03/2024 01:00,Smoothie King Center,New Orleans Pelicans,Indiana Pacers,
864,18,02/03/2024 03:00,United Center,Chicago Bulls,Milwaukee Bucks,
865,18,02/03/2024 03:30,Crypto.com Arena,LA Clippers,Washington Wizards,
866,18,02/03/2024 20:00,Barclays Center,Brooklyn Nets,Atlanta Hawks,
867,18,02/03/2024 22:00,Kaseya Center,Miami Heat,Utah Jazz,
868,18,03/03/2024 01:00,FedExForum,Memphis Grizzlies,Portland Trail Blazers,
869,18,03/03/2024 01:30,Crypto.com Arena,Los Angeles Lakers,Denver Nuggets,
870,18,03/03/2024 02:00,Footprint Center,Phoenix Suns,Houston Rockets,
871,18,03/03/2024 18:00,American Airlines Center,Dallas Mavericks,Philadelphia 76ers,
872,18,03/03/2024 20:30,TD Garden,Boston Celtics,Golden State Warriors,
873,18,03/03/2024 20:30,Target Center,Minnesota Timberwolves,LA Clippers,
874,18,03/03/2024 23:00,Amway Center,Orlando Magic,Detroit Pistons,
875,18,03/03/2024 23:00,Scotiabank Arena,Toronto Raptors,Charlotte Hornets,
876,18,04/03/2024 00:00,Rocket Mortgage FieldHouse,Cleveland Cavaliers,New York Knicks,
877,18,04/03/2024 00:00,Frost Bank Center,San Antonio Spurs,Indiana Pacers,
878,18,04/03/2024 02:30,Footprint Center,Phoenix Suns,Oklahoma City Thunder,
879,19,05/03/2024 00:30,Barclays Center,Brooklyn Nets,Memphis Grizzlies,
880,19,05/03/2024 01:00,Fiserv Forum,Milwaukee Bucks,LA Clippers,
881,19,05/03/2024 01:00,Target Center,Minnesota Timberwolves,Portland Trail Blazers,
882,19,05/03/2024 02:00,Delta Center,Utah Jazz,Washington Wizards,
883,19,05/03/2024 03:00,Golden 1 Center,Sacramento Kings,Chicago Bulls,
884,19,05/03/2024 03:30,Crypto.com Arena,Los Angeles Lakers,Oklahoma City Thunder,
885,19,06/03/2024 00:00,Spectrum Center,Charlotte Hornets,Orlando Magic,
886,19,06/03/2024 00:00,Rocket Mortgage FieldHouse,Cleveland Cavaliers,Boston Celtics,
887,19,06/03/2024 00:30,Barclays Center,Brooklyn Nets,Philadelphia 76ers,
888,19,06/03/2024 00:30,Kaseya Center,Miami Heat,Detroit Pistons,
889,19,06/03/2024 00:30,Madison Square Garden,New York Knicks,Atlanta Hawks,
890,19,06/03/2024 00:30,Scotiabank Arena,Toronto Raptors,New Orleans Pelicans,
891,19,06/03/2024 01:00,Toyota Center,Houston Rockets,San Antonio Spurs,
892,19,06/03/2024 01:30,American Airlines Center,Dallas Mavericks,Indiana Pacers,
893,19,06/03/2024 03:00,Ball Arena,Denver Nuggets,Phoenix Suns,
894,19,07/03/2024 00:00,Capital One Arena,Washington Wizards,Orlando Magic,
895,19,07/03/2024 00:30,State Farm Arena,Atlanta Hawks,Cleveland Cavaliers,
896,19,07/03/2024 00:30,Wells Fargo Center,Philadelphia 76ers,Memphis Grizzlies,
897,19,07/03/2024 01:00,Toyota Center,Houston Rockets,LA Clippers,
898,19,07/03/2024 02:00,Delta Center,Utah Jazz,Chicago Bulls,
899,19,07/03/2024 03:00,Chase Center,Golden State Warriors,Milwaukee Bucks,
900,19,07/03/2024 03:00,Moda Center,Portland Trail Blazers,Oklahoma City Thunder,
901,19,07/03/2024 03:30,Crypto.com Arena,Los Angeles Lakers,Sacramento Kings,
902,19,08/03/2024 00:00,Little Caesars Arena,Detroit Pistons,Brooklyn Nets,
903,19,08/03/2024 00:00,Gainbridge Fieldhouse,Indiana Pacers,Minnesota Timberwolves,
904,19,08/03/2024 00:30,American Airlines Center,Dallas Mavericks,Miami Heat,
905,19,08/03/2024 02:00,Footprint Center,Phoenix Suns,Toronto Raptors,
906,19,08/03/2024 03:00,Ball Arena,Denver Nuggets,Boston Celtics,
907,19,08/03/2024 03:00,Chase Center,Golden State Warriors,Chicago Bulls,
908,19,08/03/2024 03:00,Golden 1 Center,Sacramento Kings,San Antonio Spurs,
909,19,09/03/2024 00:00,Wells Fargo Center,Philadelphia 76ers,New Orleans Pelicans,
910,19,09/03/2024 00:00,Capital One Arena,Washington Wizards,Charlotte Hornets,
911,19,09/03/2024 00:30,Rocket Mortgage FieldHouse,Cleveland Cavaliers,Minnesota Timberwolves,
912,19,09/03/2024 00:30,Madison Square Garden,New York Knicks,Orlando Magic,
913,19,09/03/2024 00:30,FedExForum,Memphis Grizzlies,Atlanta Hawks,
914,19,09/03/2024 01:00,Paycom Center,Oklahoma City Thunder,Miami Heat,
915,19,09/03/2024 03:00,Crypto.com Arena,Los Angeles Lakers,Milwaukee Bucks,
916,19,09/03/2024 03:00,Moda Center,Portland Trail Blazers,Houston Rockets,
917,19,09/03/2024 21:00,Crypto.com Arena,LA Clippers,Chicago Bulls,
918,19,10/03/2024 00:00,Spectrum Center,Charlotte Hornets,Brooklyn Nets,
919,19,10/03/2024 00:00,Little Caesars Arena,Detroit Pistons,Dallas Mavericks,
920,19,10/03/2024 01:30,Footprint Center,Phoenix Suns,Boston Celtics,
921,19,10/03/2024 01:30,Chase Center,Golden State Warriors,San Antonio Spurs,
922,19,10/03/2024 03:00,Ball Arena,Denver Nuggets,Utah Jazz,
923,19,10/03/2024 03:00,Moda Center,Portland Trail Blazers,Toronto Raptors,
924,19,10/03/2024 19:00,Crypto.com Arena,LA Clippers,Milwaukee Bucks,
925,19,10/03/2024 22:00,State Farm Arena,Atlanta Hawks,New Orleans Pelicans,
926,19,10/03/2024 22:00,Kaseya Center,Miami Heat,Washington Wizards,
927,19,10/03/2024 22:00,Madison Square Garden,New York Knicks,Philadelphia 76ers,
928,19,10/03/2024 22:00,Amway Center,Orlando Magic,Indiana Pacers,
929,19,10/03/2024 22:00,Golden 1 Center,Sacramento Kings,Houston Rockets,
930,19,10/03/2024 23:00,Rocket Mortgage FieldHouse,Cleveland Cavaliers,Brooklyn Nets,
931,19,10/03/2024 23:00,Paycom Center,Oklahoma City Thunder,Memphis Grizzlies,
932,19,11/03/2024 01:30,Crypto.com Arena,Los Angeles Lakers,Minnesota Timberwolves,
933,20,11/03/2024 23:00,Little Caesars Arena,Detroit Pistons,Charlotte Hornets,
934,20,11/03/2024 23:30,Rocket Mortgage FieldHouse,Cleveland Cavaliers,Phoenix Suns,
935,20,12/03/2024 00:00,United Center,Chicago Bulls,Dallas Mavericks,
936,20,12/03/2024 00:00,Frost Bank Center,San Antonio Spurs,Golden State Warriors,
937,20,12/03/2024 01:00,Ball Arena,Denver Nuggets,Toronto Raptors,
938,20,12/03/2024 02:30,Moda Center,Portland Trail Blazers,Boston Celtics,
939,20,12/03/2024 23:30,Madison Square Garden,New York Knicks,Philadelphia 76ers,
940,20,13/03/2024 00:00,FedExForum,Memphis Grizzlies,Washington Wizards,
941,20,13/03/2024 00:00,Paycom Center,Oklahoma City Thunder,Indiana Pacers,
942,20,13/03/2024 00:30,Frost Bank Center,San Antonio Spurs,Houston Rockets,
943,20,13/03/2024 01:00,Delta Center,Utah Jazz,Boston Celtics,
944,20,13/03/2024 02:00,Crypto.com Arena,LA Clippers,Minnesota Timberwolves,
945,20,13/03/2024 02:00,Golden 1 Center,Sacramento Kings,Milwaukee Bucks,
946,20,13/03/2024 23:00,Little Caesars Arena,Detroit Pistons,Toronto Raptors,
947,20,13/03/2024 23:00,Amway Center,Orlando Magic,Brooklyn Nets,
948,20,13/03/2024 23:30,Gainbridge Fieldhouse,Indiana Pacers,Chicago Bulls,
949,20,13/03/2024 23:30,Kaseya Center,Miami Heat,Denver Nuggets,
950,20,14/03/2024 00:00,FedExForum,Memphis Grizzlies,Charlotte Hornets,
951,20,14/03/2024 00:00,Smoothie King Center,New Orleans Pelicans,Cleveland Cavaliers,
952,20,14/03/2024 00:30,American Airlines Center,Dallas Mavericks,Golden State Warriors,
953,20,14/03/2024 02:00,Moda Center,Portland Trail Blazers,Atlanta Hawks,
954,20,14/03/2024 02:00,Golden 1 Center,Sacramento Kings,Los Angeles Lakers,
955,20,14/03/2024 23:30,TD Garden,Boston Celtics,Phoenix Suns,
956,20,15/03/2024 00:00,United Center,Chicago Bulls,LA Clippers,
957,20,15/03/2024 00:00,Toyota Center,Houston Rockets,Washington Wizards,
958,20,15/03/2024 00:00,Fiserv Forum,Milwaukee Bucks,Philadelphia 76ers,
959,20,15/03/2024 02:00,Paycom Center,Oklahoma City Thunder,Dallas Mavericks,
960,20,15/03/2024 02:00,Moda Center,Portland Trail Blazers,New York Knicks,
961,20,15/03/2024 23:00,Spectrum Center,Charlotte Hornets,Phoenix Suns,
962,20,15/03/2024 23:00,Little Caesars Arena,Detroit Pistons,Miami Heat,
963,20,15/03/2024 23:30,Scotiabank Arena,Toronto Raptors,Orlando Magic,
964,20,16/03/2024 00:00,Smoothie King Center,New Orleans Pelicans,LA Clippers,
965,20,16/03/2024 00:30,Moody Center,San Antonio Spurs,Denver Nuggets,
966,20,16/03/2024 01:30,Delta Center,Utah Jazz,Atlanta Hawks,
967,20,16/03/2024 21:00,Toyota Center,Houston Rockets,Cleveland Cavaliers,
968,20,16/03/2024 23:00,Gainbridge Fieldhouse,Indiana Pacers,Brooklyn Nets,
969,20,16/03/2024 23:00,Wells Fargo Center,Philadelphia 76ers,Charlotte Hornets,
970,20,16/03/2024 23:00,Smoothie King Center,New Orleans Pelicans,Portland Trail Blazers,
971,20,17/03/2024 00:00,United Center,Chicago Bulls,Washington Wizards,
972,20,17/03/2024 00:00,FedExForum,Memphis Grizzlies,Oklahoma City Thunder,
973,20,17/03/2024 00:30,Crypto.com Arena,Los Angeles Lakers,Golden State Warriors,
974,20,17/03/2024 01:30,Delta Center,Utah Jazz,Minnesota Timberwolves,
975,20,17/03/2024 02:00,Golden 1 Center,Sacramento Kings,New York Knicks,
976,20,17/03/2024 17:00,Fiserv Forum,Milwaukee Bucks,Phoenix Suns,
977,20,17/03/2024 19:00,Little Caesars Arena,Detroit Pistons,Miami Heat,
978,20,17/03/2024 19:30,American Airlines Center,Dallas Mavericks,Denver Nuggets,
979,20,17/03/2024 22:00,Amway Center,Orlando Magic,Toronto Raptors,
980,20,17/03/2024 22:00,Capital One Arena,Washington Wizards,Boston Celtics,
981,20,17/03/2024 23:00,Moody Center,San Antonio Spurs,Brooklyn Nets,
982,20,18/03/2024 01:30,Crypto.com Arena,LA Clippers,Atlanta Hawks,
983,21,18/03/2024 23:00,Gainbridge Fieldhouse,Indiana Pacers,Cleveland Cavaliers,
984,21,18/03/2024 23:30,TD Garden,Boston Celtics,Detroit Pistons,
985,21,18/03/2024 23:30,Wells Fargo Center,Philadelphia 76ers,Miami Heat,
986,21,19/03/2024 00:00,United Center,Chicago Bulls,Portland Trail Blazers,
987,21,19/03/2024 01:00,Delta Center,Utah Jazz,Minnesota Timberwolves,
988,21,19/03/2024 02:00,Chase Center,Golden State Warriors,New York Knicks,
989,21,19/03/2024 02:00,Golden 1 Center,Sacramento Kings,Memphis Grizzlies,
990,21,19/03/2024 02:30,Crypto.com Arena,Los Angeles Lakers,Atlanta Hawks,
991,21,19/03/2024 23:00,Amway Center,Orlando Magic,Charlotte Hornets,
992,21,19/03/2024 23:00,Capital One Arena,Washington Wizards,Houston Rockets,
993,21,19/03/2024 23:30,Barclays Center,Brooklyn Nets,New Orleans Pelicans,
994,21,20/03/2024 00:00,Frost Bank Center,San Antonio Spurs,Dallas Mavericks,
995,21,20/03/2024 01:00,Target Center,Minnesota Timberwolves,Denver Nuggets,
996,21,20/03/2024 23:00,Rocket Mortgage FieldHouse,Cleveland Cavaliers,Miami Heat,
997,21,20/03/2024 23:00,Little Caesars Arena,Detroit Pistons,Indiana Pacers,
998,21,20/03/2024 23:30,TD Garden,Boston Celtics,Milwaukee Bucks,
999,21,20/03/2024 23:30,Scotiabank Arena,Toronto Raptors,Sacramento Kings,
1000,21,21/03/2024 00:00,Paycom Center,Oklahoma City Thunder,Utah Jazz,
1001,21,21/03/2024 02:00,Chase Center,Golden State Warriors,Memphis Grizzlies,
1002,21,21/03/2024 02:00,Footprint Center,Phoenix Suns,Philadelphia 76ers,
1003,21,21/03/2024 02:00,Moda Center,Portland Trail Blazers,LA Clippers,
1004,21,21/03/2024 23:00,Amway Center,Orlando Magic,New Orleans Pelicans,
1005,21,21/03/2024 23:00,Capital One Arena,Washington Wizards,Sacramento Kings,
1006,21,22/03/2024 00:00,Toyota Center,Houston Rockets,Chicago Bulls,
1007,21,22/03/2024 00:00,Fiserv Forum,Milwaukee Bucks,Brooklyn Nets,
1008,21,22/03/2024 00:30,American Airlines Center,Dallas Mavericks,Utah Jazz,
1009,21,22/03/2024 01:00,Ball Arena,Denver Nuggets,New York Knicks,
1010,21,22/03/2024 02:30,Footprint Center,Phoenix Suns,Atlanta Hawks,
1011,21,22/03/2024 23:00,Little Caesars Arena,Detroit Pistons,Boston Celtics,
1012,21,22/03/2024 23:00,Scotiabank Arena,Toronto Raptors,Oklahoma City Thunder,
1013,21,23/03/2024 00:00,Kaseya Center,Miami Heat,New Orleans Pelicans,
1014,21,23/03/2024 00:00,Target Center,Minnesota Timberwolves,Cleveland Cavaliers,
1015,21,23/03/2024 00:00,Frost Bank Center,San Antonio Spurs,Memphis Grizzlies,
1016,21,23/03/2024 02:00,Chase Center,Golden State Warriors,Indiana Pacers,
1017,21,23/03/2024 02:00,Moda Center,Portland Trail Blazers,LA Clippers,
1018,21,23/03/2024 02:30,Crypto.com Arena,Los Angeles Lakers,Philadelphia 76ers,
1019,21,23/03/2024 17:00,Madison Square Garden,New York Knicks,Brooklyn Nets,
1020,21,23/03/2024 23:00,Amway Center,Orlando Magic,Sacramento Kings,
1021,21,23/03/2024 23:30,State Farm Arena,Atlanta Hawks,Charlotte Hornets,
1022,21,24/03/2024 00:00,Capital One Arena,Washington Wizards,Toronto Raptors,
1023,21,24/03/2024 00:00,United Center,Chicago Bulls,Boston Celtics,
1024,21,24/03/2024 00:00,Toyota Center,Houston Rockets,Utah Jazz,
1025,21,24/03/2024 00:00,Frost Bank Center,San Antonio Spurs,Phoenix Suns,
1026,21,24/03/2024 02:00,Moda Center,Portland Trail Blazers,Denver Nuggets,
1027,21,24/03/2024 19:00,Little Caesars Arena,Detroit Pistons,New Orleans Pelicans,
1028,21,24/03/2024 19:30,Crypto.com Arena,LA Clippers,Philadelphia 76ers,
1029,21,24/03/2024 22:00,Kaseya Center,Miami Heat,Cleveland Cavaliers,
1030,21,24/03/2024 23:00,Fiserv Forum,Milwaukee Bucks,Oklahoma City Thunder,
1031,21,24/03/2024 23:00,Target Center,Minnesota Timberwolves,Golden State Warriors,
1032,21,25/03/2024 02:00,Crypto.com Arena,Los Angeles Lakers,Indiana Pacers,
1033,22,25/03/2024 23:00,Rocket Mortgage FieldHouse,Cleveland Cavaliers,Charlotte Hornets,
1034,22,25/03/2024 23:30,State Farm Arena,Atlanta Hawks,Boston Celtics,
1035,22,25/03/2024 23:30,Madison Square Garden,New York Knicks,Detroit Pistons,
1036,22,25/03/2024 23:30,Scotiabank Arena,Toronto Raptors,Brooklyn Nets,
1037,22,26/03/2024 00:00,United Center,Chicago Bulls,Washington Wizards,
1038,22,26/03/2024 00:00,Toyota Center,Houston Rockets,Portland Trail Blazers,
1039,22,26/03/2024 00:00,Frost Bank Center,San Antonio Spurs,Phoenix Suns,
1040,22,26/03/2024 01:00,Ball Arena,Denver Nuggets,Memphis Grizzlies,
1041,22,26/03/2024 01:00,Delta Center,Utah Jazz,Dallas Mavericks,
1042,22,26/03/2024 02:00,Golden 1 Center,Sacramento Kings,Philadelphia 76ers,
1043,22,26/03/2024 02:30,Crypto.com Arena,LA Clippers,Indiana Pacers,
1044,22,26/03/2024 23:30,Kaseya Center,Miami Heat,Golden State Warriors,
1045,22,26/03/2024 23:30,Fiserv Forum,Milwaukee Bucks,Los Angeles Lakers,
1046,22,27/03/2024 00:00,Smoothie King Center,New Orleans Pelicans,Oklahoma City Thunder,
1047,22,27/03/2024 02:00,Golden 1 Center,Sacramento Kings,Dallas Mavericks,
1048,22,27/03/2024 23:00,Spectrum Center,Charlotte Hornets,Cleveland Cavaliers,
1049,22,27/03/2024 23:00,Amway Center,Orlando Magic,Golden State Warriors,
1050,22,27/03/2024 23:00,Capital One Arena,Washington Wizards,Brooklyn Nets,
1051,22,27/03/2024 23:30,State Farm Arena,Atlanta Hawks,Portland Trail Blazers,
1052,22,27/03/2024 23:30,Wells Fargo Center,Philadelphia 76ers,LA Clippers,
1053,22,27/03/2024 23:30,Scotiabank Arena,Toronto Raptors,New York Knicks,
1054,22,28/03/2024 00:00,United Center,Chicago Bulls,Indiana Pacers,
1055,22,28/03/2024 00:00,FedExForum,Memphis Grizzlies,Los Angeles Lakers,
1056,22,28/03/2024 00:00,Target Center,Minnesota Timberwolves,Detroit Pistons,
1057,22,28/03/2024 00:00,Paycom Center,Oklahoma City Thunder,Houston Rockets,
1058,22,28/03/2024 01:00,Delta Center,Utah Jazz,San Antonio Spurs,
1059,22,28/03/2024 02:00,Ball Arena,Denver Nuggets,Phoenix Suns,
1060,22,28/03/2024 23:30,State Farm Arena,Atlanta Hawks,Boston Celtics,
1061,22,29/03/2024 00:00,Smoothie King Center,New Orleans Pelicans,Milwaukee Bucks,
1062,22,29/03/2024 23:00,Spectrum Center,Charlotte Hornets,Golden State Warriors,
1063,22,29/03/2024 23:00,Gainbridge Fieldhouse,Indiana Pacers,Los Angeles Lakers,
1064,22,29/03/2024 23:00,Amway Center,Orlando Magic,LA Clippers,
1065,22,29/03/2024 23:00,Capital One Arena,Washington Wizards,Detroit Pistons,
1066,22,29/03/2024 23:30,Barclays Center,Brooklyn Nets,Chicago Bulls,
1067,22,29/03/2024 23:30,Rocket Mortgage FieldHouse,Cleveland Cavaliers,Philadelphia 76ers,
1068,22,30/03/2024 00:00,Kaseya Center,Miami Heat,Portland Trail Blazers,
1069,22,30/03/2024 00:00,Paycom Center,Oklahoma City Thunder,Phoenix Suns,
1070,22,30/03/2024 00:00,Frost Bank Center,San Antonio Spurs,New York Knicks,
1071,22,30/03/2024 01:00,Ball Arena,Denver Nuggets,Minnesota Timberwolves,
1072,22,30/03/2024 01:30,Delta Center,Utah Jazz,Houston Rockets,
1073,22,30/03/2024 02:00,Golden 1 Center,Sacramento Kings,Dallas Mavericks,
1074,22,30/03/2024 21:00,Smoothie King Center,New Orleans Pelicans,Boston Celtics,
1075,22,30/03/2024 23:00,Amway Center,Orlando Magic,Memphis Grizzlies,
1076,22,30/03/2024 23:30,State Farm Arena,Atlanta Hawks,Milwaukee Bucks,
1077,22,31/03/2024 19:30,Ball Arena,Denver Nuggets,Cleveland Cavaliers,
1078,22,31/03/2024 22:00,Barclays Center,Brooklyn Nets,Los Angeles Lakers,
1079,22,31/03/2024 22:00,Spectrum Center,Charlotte Hornets,LA Clippers,
1080,22,31/03/2024 22:00,Scotiabank Arena,Toronto Raptors,Philadelphia 76ers,
1081,22,31/03/2024 22:00,Capital One Arena,Washington Wizards,Miami Heat,
1082,22,31/03/2024 23:00,Madison Square Garden,New York Knicks,Oklahoma City Thunder,
1083,22,31/03/2024 23:00,Toyota Center,Houston Rockets,Dallas Mavericks,
1084,22,31/03/2024 23:00,Target Center,Minnesota Timberwolves,Chicago Bulls,
1085,22,31/03/2024 23:00,Frost Bank Center,San Antonio Spurs,Golden State Warriors,
1086,22,01/04/2024 01:00,Golden 1 Center,Sacramento Kings,Utah Jazz,
1087,23,01/04/2024 23:00,Spectrum Center,Charlotte Hornets,Boston Celtics,
1088,23,01/04/2024 23:00,Little Caesars Arena,Detroit Pistons,Memphis Grizzlies,
1089,23,01/04/2024 23:00,Gainbridge Fieldhouse,Indiana Pacers,Brooklyn Nets,
1090,23,01/04/2024 23:00,Amway Center,Orlando Magic,Portland Trail Blazers,
1091,23,02/04/2024 00:00,United Center,Chicago Bulls,Atlanta Hawks,
1092,23,02/04/2024 00:00,Smoothie King Center,New Orleans Pelicans,Phoenix Suns,
1093,23,02/04/2024 23:00,Wells Fargo Center,Philadelphia 76ers,Oklahoma City Thunder,
1094,23,02/04/2024 23:00,Scotiabank Arena,Toronto Raptors,Los Angeles Lakers,
1095,23,02/04/2024 23:00,Capital One Arena,Washington Wizards,Milwaukee Bucks,
1096,23,02/04/2024 23:30,Kaseya Center,Miami Heat,New York Knicks,
1097,23,02/04/2024 23:30,American Airlines Center,Dallas Mavericks,Golden State Warriors,
1098,23,03/04/2024 00:00,Target Center,Minnesota Timberwolves,Houston Rockets,
1099,23,03/04/2024 01:00,Ball Arena,Denver Nuggets,San Antonio Spurs,
1100,23,03/04/2024 01:00,Delta Center,Utah Jazz,Cleveland Cavaliers,
1101,23,03/04/2024 02:00,Golden 1 Center,Sacramento Kings,LA Clippers,
1102,23,03/04/2024 23:00,Spectrum Center,Charlotte Hornets,Portland Trail Blazers,
1103,23,03/04/2024 23:00,Capital One Arena,Washington Wizards,Los Angeles Lakers,
1104,23,03/04/2024 23:30,State Farm Arena,Atlanta Hawks,Detroit Pistons,
1105,23,03/04/2024 23:30,TD Garden,Boston Celtics,Oklahoma City Thunder,
1106,23,03/04/2024 23:30,Barclays Center,Brooklyn Nets,Indiana Pacers,
1107,23,03/04/2024 23:30,Fiserv Forum,Milwaukee Bucks,Memphis Grizzlies,
1108,23,04/04/2024 00:00,Target Center,Minnesota Timberwolves,Toronto Raptors,
1109,23,04/04/2024 00:00,Smoothie King Center,New Orleans Pelicans,Orlando Magic,
1110,23,04/04/2024 02:00,Footprint Center,Phoenix Suns,Cleveland Cavaliers,
1111,23,04/04/2024 23:30,Kaseya Center,Miami Heat,Philadelphia 76ers,
1112,23,04/04/2024 23:30,Madison Square Garden,New York Knicks,Sacramento Kings,
1113,23,05/04/2024 00:00,Toyota Center,Houston Rockets,Golden State Warriors,
1114,23,05/04/2024 02:00,Crypto.com Arena,LA Clippers,Denver Nuggets,
1115,23,05/04/2024 23:00,Spectrum Center,Charlotte Hornets,Orlando Magic,
1116,23,05/04/2024 23:00,Gainbridge Fieldhouse,Indiana Pacers,Oklahoma City Thunder,
1117,23,05/04/2024 23:00,Capital One Arena,Washington Wizards,Portland Trail Blazers,
1118,23,05/04/2024 23:30,TD Garden,Boston Celtics,Sacramento Kings,
1119,23,06/04/2024 00:00,United Center,Chicago Bulls,New York Knicks,
1120,23,06/04/2024 00:00,Toyota Center,Houston Rockets,Miami Heat,
1121,23,06/04/2024 00:00,FedExForum,Memphis Grizzlies,Detroit Pistons,
1122,23,06/04/2024 00:00,Fiserv Forum,Milwaukee Bucks,Toronto Raptors,
1123,23,06/04/2024 00:00,Smoothie King Center,New Orleans Pelicans,San Antonio Spurs,
1124,23,06/04/2024 00:30,American Airlines Center,Dallas Mavericks,Atlanta Hawks,
1125,23,06/04/2024 02:00,Footprint Center,Phoenix Suns,Minnesota Timberwolves,
1126,23,06/04/2024 02:30,Crypto.com Arena,LA Clippers,Utah Jazz,
1127,23,06/04/2024 19:30,Crypto.com Arena,Los Angeles Lakers,Cleveland Cavaliers,
1128,23,06/04/2024 23:00,Barclays Center,Brooklyn Nets,Detroit Pistons,
1129,23,07/04/2024 00:00,FedExForum,Memphis Grizzlies,Philadelphia 76ers,
1130,23,07/04/2024 01:00,Ball Arena,Denver Nuggets,Atlanta Hawks,
1131,23,07/04/2024 19:30,American Airlines Center,Dallas Mavericks,Houston Rockets,
1132,23,07/04/2024 19:30,Crypto.com Arena,LA Clippers,Cleveland Cavaliers,
1133,23,07/04/2024 21:00,Gainbridge Fieldhouse,Indiana Pacers,Miami Heat,
1134,23,07/04/2024 22:00,TD Garden,Boston Celtics,Portland Trail Blazers,
1135,23,07/04/2024 22:00,Spectrum Center,Charlotte Hornets,Oklahoma City Thunder,
1136,23,07/04/2024 22:00,Amway Center,Orlando Magic,Chicago Bulls,
1137,23,07/04/2024 22:00,Scotiabank Arena,Toronto Raptors,Washington Wizards,
1138,23,07/04/2024 22:00,Footprint Center,Phoenix Suns,New Orleans Pelicans,
1139,23,07/04/2024 23:00,Fiserv Forum,Milwaukee Bucks,New York Knicks,
1140,23,07/04/2024 23:00,Frost Bank Center,San Antonio Spurs,Philadelphia 76ers,
1141,23,07/04/2024 23:30,Barclays Center,Brooklyn Nets,Sacramento Kings,
1142,23,08/04/2024 00:30,Chase Center,Golden State Warriors,Utah Jazz,
1143,23,08/04/2024 02:00,Crypto.com Arena,Los Angeles Lakers,Minnesota Timberwolves,
1144,24,09/04/2024 23:00,Spectrum Center,Charlotte Hornets,Dallas Mavericks,
1145,24,09/04/2024 23:00,Wells Fargo Center,Philadelphia 76ers,Detroit Pistons,
1146,24,09/04/2024 23:00,Scotiabank Arena,Toronto Raptors,Indiana Pacers,
1147,24,09/04/2024 23:30,State Farm Arena,Atlanta Hawks,Miami Heat,
1148,24,09/04/2024 23:30,Fiserv Forum,Milwaukee Bucks,Boston Celtics,
1149,24,10/04/2024 00:00,United Center,Chicago Bulls,New York Knicks,
1150,24,10/04/2024 00:00,Toyota Center,Houston Rockets,Orlando Magic,
1151,24,10/04/2024 00:00,FedExForum,Memphis Grizzlies,San Antonio Spurs,
1152,24,10/04/2024 00:00,Target Center,Minnesota Timberwolves,Washington Wizards,
1153,24,10/04/2024 00:00,Paycom Center,Oklahoma City Thunder,Sacramento Kings,
1154,24,10/04/2024 01:00,Delta Center,Utah Jazz,Denver Nuggets,
1155,24,10/04/2024 02:00,Crypto.com Arena,Los Angeles Lakers,Golden State Warriors,
1156,24,10/04/2024 02:00,Footprint Center,Phoenix Suns,LA Clippers,
1157,24,10/04/2024 02:00,Moda Center,Portland Trail Blazers,New Orleans Pelicans,
1158,24,10/04/2024 23:00,Rocket Mortgage FieldHouse,Cleveland Cavaliers,Memphis Grizzlies,
1159,24,10/04/2024 23:30,State Farm Arena,Atlanta Hawks,Charlotte Hornets,
1160,24,10/04/2024 23:30,Barclays Center,Brooklyn Nets,Toronto Raptors,
1161,24,10/04/2024 23:30,Kaseya Center,Miami Heat,Dallas Mavericks,
1162,24,11/04/2024 00:00,Fiserv Forum,Milwaukee Bucks,Orlando Magic,
1163,24,11/04/2024 00:00,Paycom Center,Oklahoma City Thunder,San Antonio Spurs,
1164,24,11/04/2024 02:00,Ball Arena,Denver Nuggets,Minnesota Timberwolves,
1165,24,11/04/2024 02:30,Crypto.com Arena,LA Clippers,Phoenix Suns,
1166,24,11/04/2024 23:00,Little Caesars Arena,Detroit Pistons,Chicago Bulls,
1167,24,11/04/2024 23:30,TD Garden,Boston Celtics,New York Knicks,
1168,24,12/04/2024 01:00,Delta Center,Utah Jazz,Houston Rockets,
1169,24,12/04/2024 02:00,Moda Center,Portland Trail Blazers,Golden State Warriors,
1170,24,12/04/2024 02:00,Golden 1 Center,Sacramento Kings,New Orleans Pelicans,
1171,24,12/04/2024 23:00,Wells Fargo Center,Philadelphia 76ers,Orlando Magic,
1172,24,12/04/2024 23:00,Capital One Arena,Washington Wizards,Chicago Bulls,
1173,24,12/04/2024 23:30,TD Garden,Boston Celtics,Charlotte Hornets,
1174,24,12/04/2024 23:30,Rocket Mortgage FieldHouse,Cleveland Cavaliers,Indiana Pacers,
1175,24,12/04/2024 23:30,Madison Square Garden,New York Knicks,Brooklyn Nets,
1176,24,13/04/2024 00:00,Kaseya Center,Miami Heat,Toronto Raptors,
1177,24,13/04/2024 00:00,FedExForum,Memphis Grizzlies,Los Angeles Lakers,
1178,24,13/04/2024 00:00,Target Center,Minnesota Timberwolves,Atlanta Hawks,
1179,24,13/04/2024 00:00,Paycom Center,Oklahoma City Thunder,Milwaukee Bucks,
1180,24,13/04/2024 00:00,Frost Bank Center,San Antonio Spurs,Denver Nuggets,
1181,24,13/04/2024 00:30,American Airlines Center,Dallas Mavericks,Detroit Pistons,
1182,24,13/04/2024 02:00,Chase Center,Golden State Warriors,New Orleans Pelicans,
1183,24,13/04/2024 02:00,Moda Center,Portland Trail Blazers,Houston Rockets,
1184,24,13/04/2024 02:30,Crypto.com Arena,LA Clippers,Utah Jazz,
1185,24,13/04/2024 02:30,Golden 1 Center,Sacramento Kings,Phoenix Suns,
1186,24,14/04/2024 17:00,TD Garden,Boston Celtics,Washington Wizards,
1187,24,14/04/2024 17:00,Rocket Mortgage FieldHouse,Cleveland Cavaliers,Charlotte Hornets,
1188,24,14/04/2024 17:00,Gainbridge Fieldhouse,Indiana Pacers,Atlanta Hawks,
1189,24,14/04/2024 17:00,Kaseya Center,Miami Heat,Toronto Raptors,
1190,24,14/04/2024 17:00,Madison Square Garden,New York Knicks,Chicago Bulls,
1191,24,14/04/2024 17:00,Amway Center,Orlando Magic,Milwaukee Bucks,
1192,24,14/04/2024 17:00,Wells Fargo Center,Philadelphia 76ers,Brooklyn Nets,
1193,24,14/04/2024 19:30,FedExForum,Memphis Grizzlies,Denver Nuggets,
1194,24,14/04/2024 19:30,Target Center,Minnesota Timberwolves,Phoenix Suns,
1195,24,14/04/2024 19:30,Smoothie King Center,New Orleans Pelicans,Los Angeles Lakers,
1196,24,14/04/2024 19:30,Paycom Center,Oklahoma City Thunder,Dallas Mavericks,
1197,24,14/04/2024 19:30,Frost Bank Center,San Antonio Spurs,Detroit Pistons,
1198,24,14/04/2024 19:30,Chase Center,Golden State Warriors,Utah Jazz,
1199,24,14/04/2024 19:30,Crypto.com Arena,LA Clippers,Houston Rockets,
1200,24,14/04/2024 19:30,Golden 1 Center,Sacramento Kings,Portland Trail Blazers,
